cuento,archivo,n_original,n_conservados,n_eliminados,porcentaje_eliminado,min_words_original,max_words_original,mean_words_original,min_words_filtrado,max_words_filtrado,mean_words_filtrado
"Ahora debería reírme, si no estuviera muerto",sub-001.json,35,32,3,8.5714,1,42,19.5143,4,42,21.25
"Ahora debería reírme, si no estuviera muerto",sub-002.json,38,32,6,15.7895,1,43,18,5,43,21.125
"Ahora debería reírme, si no estuviera muerto",sub-003.json,69,44,25,36.2319,1,42,11.029,4,42,16.5
"Ahora debería reírme, si no estuviera muerto",sub-005.json,39,32,7,17.9487,1,40,17.5385,6,40,21.0625
"Ahora debería reírme, si no estuviera muerto",sub-006.json,39,33,6,15.3846,1,37,17.4872,5,37,20.3939
"Ahora debería reírme, si no estuviera muerto",sub-009.json,41,36,5,12.1951,1,42,17.2195,4,42,19.3889
"Ahora debería reírme, si no estuviera muerto",sub-010.json,41,35,6,14.6341,1,40,17.3659,5,40,20.1143
"Ahora debería reírme, si no estuviera muerto",sub-012.json,37,34,3,8.1081,1,42,19.4865,7,42,21.0588
"Ahora debería reírme, si no estuviera muerto",sub-013.json,46,35,11,23.913,1,43,15.7174,4,43,20.2286
"Ahora debería reírme, si no estuviera muerto",sub-016.json,82,46,36,43.9024,1,42,9.6585,4,42,16.0652
"Ahora debería reírme, si no estuviera muerto",sub-018.json,37,36,1,2.7027,1,41,19.7568,4,41,20.2778
"Ahora debería reírme, si no estuviera muerto",sub-021.json,38,35,3,7.8947,1,42,19.2895,4,42,20.8571
"Ahora debería reírme, si no estuviera muerto",sub-024.json,38,33,5,13.1579,1,43,17.9474,5,43,20.4545
"Ahora debería reírme, si no estuviera muerto",sub-027.json,35,32,3,8.5714,1,41,19.1143,6,41,20.7812
"Ahora debería reírme, si no estuviera muerto",sub-028.json,48,36,12,25.0,1,42,14.6042,4,42,18.9444
"Ahora debería reírme, si no estuviera muerto",sub-034.json,53,40,13,24.5283,1,42,14.0566,5,42,18.2
"Ahora debería reírme, si no estuviera muerto",sub-036.json,54,37,17,31.4815,1,43,13.537,4,43,19.1081
"Ahora debería reírme, si no estuviera muerto",sub-039.json,45,35,10,22.2222,1,42,15.2,5,42,19.0571
"Ahora debería reírme, si no estuviera muerto",sub-041.json,37,33,4,10.8108,1,43,18.6486,4,43,20.7576
"Ahora debería reírme, si no estuviera muerto",sub-042.json,37,34,3,8.1081,1,42,19.2162,4,42,20.7647
"Ahora debería reírme, si no estuviera muerto",sub-044.json,34,32,2,5.8824,1,43,20.2941,5,43,21.5
"Ahora debería reírme, si no estuviera muerto",sub-046.json,37,35,2,5.4054,1,43,19.5135,4,43,20.5714
"Ahora debería reírme, si no estuviera muerto",sub-048.json,34,33,1,2.9412,1,43,20.2059,5,43,20.7879
"Ahora debería reírme, si no estuviera muerto",sub-052.json,55,36,19,34.5455,1,41,13.6727,4,41,20.1389
"Ahora debería reírme, si no estuviera muerto",sub-053.json,39,32,7,17.9487,1,42,17.5128,6,42,21.0312
"Ahora debería reírme, si no estuviera muerto",sub-058.json,44,36,8,18.1818,1,43,16.5909,4,43,19.9167
"Ahora debería reírme, si no estuviera muerto",sub-060.json,43,33,10,23.2558,1,43,16.6744,7,43,21.303
"Ahora debería reírme, si no estuviera muerto",sub-064.json,33,32,1,3.0303,2,43,21.2424,6,43,21.8438
"Ahora debería reírme, si no estuviera muerto",sub-065.json,35,32,3,8.5714,1,43,19.4857,5,43,21.1562
"Ahora debería reírme, si no estuviera muerto",sub-066.json,34,33,1,2.9412,1,43,20.3235,5,43,20.9091
"Ahora debería reírme, si no estuviera muerto",sub-068.json,37,33,4,10.8108,1,43,19.027,6,43,21.0909
"Ahora debería reírme, si no estuviera muerto",sub-070.json,61,43,18,29.5082,1,43,12.8689,4,43,17.7209
"Ahora debería reírme, si no estuviera muerto",sub-073.json,42,37,5,11.9048,1,43,18.3095,4,43,20.5135
"Ahora debería reírme, si no estuviera muerto",sub-078.json,40,34,6,15.0,1,43,17.325,4,43,20.2059
"Ahora debería reírme, si no estuviera muerto",sub-079.json,44,35,9,20.4545,1,43,16.2273,6,43,20
"Ahora debería reírme, si no estuviera muerto",sub-083.json,35,33,2,5.7143,1,43,20.0286,5,43,21.1818
"Ahora debería reírme, si no estuviera muerto",sub-085.json,39,33,6,15.3846,1,43,17.4615,4,43,20.3636
"Ahora debería reírme, si no estuviera muerto",sub-086.json,34,31,3,8.8235,1,42,19.7353,7,42,21.4839
"Ahora debería reírme, si no estuviera muerto",sub-087.json,45,36,9,20.0,1,42,15.3111,4,42,18.8889
"Ahora debería reírme, si no estuviera muerto",sub-088.json,44,38,6,13.6364,1,36,16.5455,4,36,18.9211
"Ahora debería reírme, si no estuviera muerto",sub-089.json,33,32,1,3.0303,1,42,20.6061,5,42,21.2188
"Ahora debería reírme, si no estuviera muerto",sub-091.json,35,32,3,8.5714,1,38,19.1714,4,38,20.875
"Ahora debería reírme, si no estuviera muerto",sub-095.json,45,34,11,24.4444,1,43,15.9333,4,43,20.6471
"Ahora debería reírme, si no estuviera muerto",sub-096.json,38,33,5,13.1579,1,43,18.2632,5,43,20.8788
"Ahora debería reírme, si no estuviera muerto",sub-097.json,40,35,5,12.5,1,43,18,5,43,20.3429
"Ahora debería reírme, si no estuviera muerto",sub-098.json,41,36,5,12.1951,1,43,17.5854,4,43,19.8333
"Ahora debería reírme, si no estuviera muerto",sub-101.json,58,42,16,27.5862,1,43,13.8103,4,43,18.619
"Ahora debería reírme, si no estuviera muerto",sub-103.json,37,33,4,10.8108,1,43,19.4595,5,43,21.6061
"Ahora debería reírme, si no estuviera muerto",sub-105.json,35,32,3,8.5714,1,43,19.4857,4,43,21.1562
"Ahora debería reírme, si no estuviera muerto",sub-107.json,41,36,5,12.1951,1,42,16.8537,5,42,19.0556
"Ahora debería reírme, si no estuviera muerto",sub-109.json,35,33,2,5.7143,1,41,19.5714,5,41,20.697
"Ahora debería reírme, si no estuviera muerto",sub-111.json,39,35,4,10.2564,1,43,17.2308,4,43,19.0857
"Ahora debería reírme, si no estuviera muerto",sub-112.json,35,33,2,5.7143,1,43,19.4571,4,43,20.5455
Buenos Aires,sub-003.json,39,35,4,10.2564,1,49,18,5,49,19.8857
Buenos Aires,sub-006.json,62,36,26,41.9355,1,49,11.2903,4,49,18.5
Buenos Aires,sub-007.json,40,36,4,10.0,1,49,17.7,4,49,19.5278
Buenos Aires,sub-009.json,41,33,8,19.5122,1,49,16.561,4,49,20.0606
Buenos Aires,sub-011.json,87,56,31,35.6322,1,49,11.6207,4,49,17.2679
Buenos Aires,sub-013.json,44,38,6,13.6364,1,49,16.6818,4,49,19.1053
Buenos Aires,sub-016.json,46,35,11,23.913,1,49,16.1087,4,49,20.7429
Buenos Aires,sub-017.json,35,33,2,5.7143,1,49,19.9429,4,49,21.0909
Buenos Aires,sub-018.json,45,37,8,17.7778,1,49,15.8222,4,49,19
Buenos Aires,sub-021.json,39,34,5,12.8205,1,49,18.2051,4,49,20.6176
Buenos Aires,sub-022.json,40,36,4,10.0,1,46,18.05,4,46,19.8889
Buenos Aires,sub-027.json,42,36,6,14.2857,1,48,17.7381,5,48,20.4722
Buenos Aires,sub-030.json,103,55,48,46.6019,1,49,9.7767,4,49,17.1091
Buenos Aires,sub-034.json,53,39,14,26.4151,1,46,14.434,4,46,19.1538
Buenos Aires,sub-035.json,43,34,9,20.9302,1,49,16.7442,4,49,20.8529
Buenos Aires,sub-039.json,41,34,7,17.0732,1,49,17.2195,4,49,20.5
Buenos Aires,sub-048.json,37,34,3,8.1081,1,49,19.3514,5,49,20.9706
Buenos Aires,sub-052.json,67,37,30,44.7761,1,49,11.2836,5,49,19.2973
Buenos Aires,sub-053.json,35,33,2,5.7143,1,49,19.8857,4,49,21.0303
Buenos Aires,sub-054.json,52,30,22,42.3077,1,49,11.9808,4,49,19.6667
Buenos Aires,sub-055.json,48,35,13,27.0833,1,48,14.8125,4,48,19.6571
Buenos Aires,sub-056.json,49,36,13,26.5306,1,49,15.5306,4,49,20.6111
Buenos Aires,sub-058.json,49,36,13,26.5306,1,49,14.6327,4,49,19.4722
Buenos Aires,sub-060.json,39,34,5,12.8205,1,49,18.1282,4,49,20.5882
Buenos Aires,sub-065.json,39,35,4,10.2564,1,49,18.641,5,49,20.6571
Buenos Aires,sub-066.json,43,37,6,13.9535,1,49,16.7209,4,49,19.2432
Buenos Aires,sub-068.json,36,33,3,8.3333,1,49,19.1944,5,49,20.8182
Buenos Aires,sub-070.json,47,35,12,25.5319,1,49,15,4,49,19.6286
Buenos Aires,sub-071.json,45,36,9,20.0,1,48,15.7556,4,48,19.4167
Buenos Aires,sub-073.json,44,34,10,22.7273,1,42,15.6136,4,42,19.8529
Buenos Aires,sub-075.json,42,36,6,14.2857,1,49,17.4524,4,49,20.1389
Buenos Aires,sub-077.json,86,57,29,33.7209,1,48,10.4767,4,48,15.0351
Buenos Aires,sub-078.json,37,34,3,8.1081,1,49,18.5676,4,49,20.1176
Buenos Aires,sub-080.json,41,32,9,21.9512,1,49,16.4878,4,49,20.7812
Buenos Aires,sub-081.json,43,36,7,16.2791,1,49,16.8837,4,49,19.8889
Buenos Aires,sub-083.json,44,32,12,27.2727,1,49,15.75,5,49,21.2188
Buenos Aires,sub-085.json,49,44,5,10.2041,1,49,16.5306,4,49,18.2045
Buenos Aires,sub-086.json,39,32,7,17.9487,1,49,17.9231,5,49,21.5
Buenos Aires,sub-087.json,60,38,22,36.6667,1,49,12.7167,5,49,19.1579
Buenos Aires,sub-090.json,48,40,8,16.6667,1,49,15.125,4,49,17.875
Buenos Aires,sub-091.json,49,38,11,22.449,1,49,15.2449,4,49,19.3158
Buenos Aires,sub-095.json,93,52,41,44.086,1,44,9.6559,4,44,16.2885
Buenos Aires,sub-096.json,39,34,5,12.8205,1,49,17.641,4,49,20.0294
Buenos Aires,sub-097.json,63,46,17,26.9841,1,48,13.2857,4,48,17.6957
Buenos Aires,sub-103.json,45,35,10,22.2222,1,49,16.1111,4,49,20.4
Buenos Aires,sub-106.json,67,42,25,37.3134,1,48,12.7015,4,48,19.2857
Buenos Aires,sub-112.json,44,37,7,15.9091,1,49,15.9773,4,49,18.7838
Cómo funciona caminar en la nieve,sub-003.json,35,35,0,0.0,4,166,34.1143,4,166,34.1143
Cómo funciona caminar en la nieve,sub-007.json,56,46,10,17.8571,1,166,22.9821,4,166,27.6304
Cómo funciona caminar en la nieve,sub-008.json,78,50,28,35.8974,1,165,17.3462,4,165,26.42
Cómo funciona caminar en la nieve,sub-009.json,45,38,7,15.5556,1,166,28.6222,4,166,33.5789
Cómo funciona caminar en la nieve,sub-010.json,47,37,10,21.2766,1,164,25.7872,4,164,32.2973
Cómo funciona caminar en la nieve,sub-011.json,66,46,20,30.303,1,165,20.3333,4,165,28.5435
Cómo funciona caminar en la nieve,sub-013.json,42,36,6,14.2857,1,164,28.6429,5,164,33.2222
Cómo funciona caminar en la nieve,sub-017.json,52,43,9,17.3077,1,165,24.5385,4,165,29.4186
Cómo funciona caminar en la nieve,sub-018.json,37,34,3,8.1081,1,164,31.5946,4,164,34.2059
Cómo funciona caminar en la nieve,sub-022.json,54,46,8,14.8148,1,151,23.6111,4,151,27.5217
Cómo funciona caminar en la nieve,sub-027.json,69,56,13,18.8406,1,166,26.2754,4,166,32.0179
Cómo funciona caminar en la nieve,sub-030.json,125,68,57,45.6,1,165,13.296,4,165,23.25
Cómo funciona caminar en la nieve,sub-034.json,51,38,13,25.4902,1,165,23.1569,4,165,30.6053
Cómo funciona caminar en la nieve,sub-035.json,39,35,4,10.2564,1,165,30.9231,4,165,34.2286
Cómo funciona caminar en la nieve,sub-039.json,40,35,5,12.5,1,166,29.225,5,166,33.2286
Cómo funciona caminar en la nieve,sub-048.json,39,35,4,10.2564,1,165,31.0256,5,165,34.3429
Cómo funciona caminar en la nieve,sub-052.json,62,49,13,20.9677,1,166,22.2258,4,166,27.7143
Cómo funciona caminar en la nieve,sub-053.json,42,40,2,4.7619,1,166,30.9286,4,166,32.4
Cómo funciona caminar en la nieve,sub-054.json,78,57,21,26.9231,0,165,19.359,4,165,26.0526
Cómo funciona caminar en la nieve,sub-055.json,35,35,0,0.0,4,165,33.8286,4,165,33.8286
Cómo funciona caminar en la nieve,sub-056.json,37,36,1,2.7027,1,165,32.1081,5,165,32.9722
Cómo funciona caminar en la nieve,sub-058.json,41,35,6,14.6341,1,165,29.3171,4,165,34
Cómo funciona caminar en la nieve,sub-060.json,42,37,5,11.9048,1,164,29.0714,4,164,32.7838
Cómo funciona caminar en la nieve,sub-065.json,45,36,9,20.0,1,164,26.7778,5,164,33.1111
Cómo funciona caminar en la nieve,sub-066.json,45,35,10,22.2222,1,166,27.3556,4,166,34.7143
Cómo funciona caminar en la nieve,sub-070.json,52,39,13,25.0,1,150,23.4231,4,150,30.7436
Cómo funciona caminar en la nieve,sub-071.json,60,39,21,35.0,1,162,21.8333,5,162,32.8462
Cómo funciona caminar en la nieve,sub-073.json,48,40,8,16.6667,1,165,25.9792,4,165,30.85
Cómo funciona caminar en la nieve,sub-077.json,136,78,58,42.6471,1,164,13.7721,4,164,22.9231
Cómo funciona caminar en la nieve,sub-078.json,39,34,5,12.8205,1,165,30.4103,5,165,34.6765
Cómo funciona caminar en la nieve,sub-080.json,43,35,8,18.6047,1,166,27.186,5,166,33.1143
Cómo funciona caminar en la nieve,sub-081.json,41,36,5,12.1951,1,165,29.6341,4,165,33.5556
Cómo funciona caminar en la nieve,sub-083.json,39,35,4,10.2564,1,164,30.7436,4,164,34.0571
Cómo funciona caminar en la nieve,sub-085.json,49,43,6,12.2449,1,165,26.2857,5,165,29.6744
Cómo funciona caminar en la nieve,sub-086.json,43,34,9,20.9302,1,165,25.0465,4,165,31.3824
Cómo funciona caminar en la nieve,sub-087.json,61,42,19,31.1475,1,165,21.1311,4,165,30.0952
Cómo funciona caminar en la nieve,sub-091.json,41,40,1,2.439,2,165,29.3902,4,165,30.075
Cómo funciona caminar en la nieve,sub-096.json,42,39,3,7.1429,1,166,29.3095,4,166,31.4359
Cómo funciona caminar en la nieve,sub-097.json,61,46,15,24.5902,1,164,21.2295,4,164,27.7174
Cómo funciona caminar en la nieve,sub-100.json,50,38,12,24.0,1,165,24.62,4,165,31.9474
Cómo funciona caminar en la nieve,sub-103.json,54,39,15,27.7778,1,165,23.4074,4,165,31.9744
Cómo funciona caminar en la nieve,sub-105.json,45,39,6,13.3333,1,165,26.6444,4,165,30.5128
Cómo funciona caminar en la nieve,sub-109.json,43,37,6,13.9535,1,164,28.4419,4,164,32.8378
Cómo funciona caminar en la nieve,sub-111.json,41,40,1,2.439,3,165,29.7561,4,165,30.425
Cómo funciona caminar en la nieve,sub-112.json,39,37,2,5.1282,1,165,31.0256,4,165,32.5946
Cómo funcionan los bolsillos,sub-003.json,52,44,8,15.3846,1,64,21.4231,6,64,25.1364
Cómo funcionan los bolsillos,sub-006.json,48,42,6,12.5,1,63,20.75,4,63,23.5238
Cómo funcionan los bolsillos,sub-007.json,53,48,5,9.434,1,63,22.0566,7,63,24.2083
Cómo funcionan los bolsillos,sub-008.json,138,74,64,46.3768,1,64,9.1812,4,64,16.0811
Cómo funcionan los bolsillos,sub-009.json,46,44,2,4.3478,1,64,23.413,7,64,24.4318
Cómo funcionan los bolsillos,sub-010.json,57,45,12,21.0526,1,59,18.9825,4,59,23.6667
Cómo funcionan los bolsillos,sub-011.json,78,59,19,24.359,1,62,16.0256,4,62,20.678
Cómo funcionan los bolsillos,sub-013.json,58,53,5,8.6207,1,63,20.7759,6,63,22.6038
Cómo funcionan los bolsillos,sub-017.json,48,43,5,10.4167,1,64,23.2292,7,64,25.7674
Cómo funcionan los bolsillos,sub-018.json,54,46,8,14.8148,1,61,20.2778,6,61,23.587
Cómo funcionan los bolsillos,sub-022.json,59,47,12,20.339,1,63,19,4,63,23.5319
Cómo funcionan los bolsillos,sub-027.json,68,58,10,14.7059,1,64,19.1176,5,64,22.2241
Cómo funcionan los bolsillos,sub-030.json,87,62,25,28.7356,1,64,15.4483,4,64,21.2097
Cómo funcionan los bolsillos,sub-034.json,70,52,18,25.7143,1,63,17.7857,4,63,23.4423
Cómo funcionan los bolsillos,sub-035.json,52,45,7,13.4615,1,64,21.2885,6,64,24.4222
Cómo funcionan los bolsillos,sub-048.json,49,46,3,6.1224,1,64,23.1429,4,64,24.5652
Cómo funcionan los bolsillos,sub-052.json,79,56,23,29.1139,1,64,16.3165,4,64,22.3393
Cómo funcionan los bolsillos,sub-053.json,52,45,7,13.4615,1,61,21.8077,4,61,25.0444
Cómo funcionan los bolsillos,sub-054.json,57,49,8,14.0351,1,64,20.3158,5,64,23.4694
Cómo funcionan los bolsillos,sub-055.json,46,43,3,6.5217,1,62,23.5652,7,62,25.1395
Cómo funcionan los bolsillos,sub-056.json,57,45,12,21.0526,1,62,20.193,6,62,25.2222
Cómo funcionan los bolsillos,sub-058.json,51,43,8,15.6863,1,62,21.9412,6,62,25.7907
Cómo funcionan los bolsillos,sub-060.json,69,54,15,21.7391,1,64,17.6377,5,64,22.2037
Cómo funcionan los bolsillos,sub-065.json,56,44,12,21.4286,1,63,19.5893,5,63,24.5682
Cómo funcionan los bolsillos,sub-066.json,64,47,17,26.5625,1,63,18.1719,6,63,24.3191
Cómo funcionan los bolsillos,sub-068.json,45,40,5,11.1111,1,57,19.7111,6,57,22.025
Cómo funcionan los bolsillos,sub-070.json,55,48,7,12.7273,1,64,20.7273,4,64,23.5625
Cómo funcionan los bolsillos,sub-071.json,82,54,28,34.1463,1,61,14.5854,4,61,21.4815
Cómo funcionan los bolsillos,sub-073.json,55,46,9,16.3636,1,63,20.5818,6,63,24.3696
Cómo funcionan los bolsillos,sub-077.json,127,81,46,36.2205,1,59,11.2756,4,59,16.9136
Cómo funcionan los bolsillos,sub-078.json,48,43,5,10.4167,1,64,23.1458,7,64,25.6744
Cómo funcionan los bolsillos,sub-080.json,69,54,15,21.7391,1,63,17.2899,4,63,21.7407
Cómo funcionan los bolsillos,sub-081.json,54,43,11,20.3704,1,64,20.5,7,64,25.4186
Cómo funcionan los bolsillos,sub-083.json,58,48,10,17.2414,1,63,19.4138,4,63,23.1458
Cómo funcionan los bolsillos,sub-085.json,73,59,14,19.1781,1,62,16.9452,4,62,20.661
Cómo funcionan los bolsillos,sub-086.json,67,52,15,22.3881,1,63,17.1493,4,63,21.7885
Cómo funcionan los bolsillos,sub-087.json,61,53,8,13.1148,1,64,19.6885,4,64,22.4717
Cómo funcionan los bolsillos,sub-091.json,54,46,8,14.8148,1,63,20.5185,7,63,23.913
Cómo funcionan los bolsillos,sub-096.json,52,43,9,17.3077,1,63,21.4231,8,63,25.6977
Cómo funcionan los bolsillos,sub-097.json,63,50,13,20.6349,1,62,17.9365,5,62,22.24
Cómo funcionan los bolsillos,sub-100.json,82,57,25,30.4878,1,62,14.7805,4,62,20.6842
Cómo funcionan los bolsillos,sub-103.json,64,47,17,26.5625,1,63,17.9688,4,63,24.0213
Cómo funcionan los bolsillos,sub-105.json,46,43,3,6.5217,1,63,23.7609,7,63,25.3488
Cómo funcionan los bolsillos,sub-106.json,71,53,18,25.3521,1,64,17.2394,5,64,22.566
Cómo funcionan los bolsillos,sub-109.json,51,45,6,11.7647,1,63,21.6078,6,63,24.2667
Cómo funcionan los bolsillos,sub-112.json,81,58,23,28.3951,1,62,14.5679,4,62,19.7931
Educar para escalar y bucear,sub-003.json,47,34,13,27.6596,1,70,14.766,4,70,19.8235
Educar para escalar y bucear,sub-006.json,45,36,9,20.0,1,70,15.0222,4,70,18.2222
Educar para escalar y bucear,sub-007.json,40,35,5,12.5,1,70,17.2,4,70,19.3143
Educar para escalar y bucear,sub-008.json,85,48,37,43.5294,1,63,9.5412,4,63,15.8958
Educar para escalar y bucear,sub-009.json,41,37,4,9.7561,1,69,16.3659,4,69,17.9189
Educar para escalar y bucear,sub-010.json,47,37,10,21.2766,1,70,14.5106,4,70,18
Educar para escalar y bucear,sub-011.json,76,51,25,32.8947,1,70,12.0921,4,70,17.1176
Educar para escalar y bucear,sub-013.json,63,45,18,28.5714,1,70,13.3651,4,70,18.0222
Educar para escalar y bucear,sub-017.json,42,36,6,14.2857,1,70,16.8333,4,70,19.3056
Educar para escalar y bucear,sub-018.json,40,35,5,12.5,1,70,16.825,4,70,18.9714
Educar para escalar y bucear,sub-021.json,44,35,9,20.4545,1,70,15.7045,4,70,19.3714
Educar para escalar y bucear,sub-022.json,50,37,13,26.0,1,70,14.08,5,70,18.5135
Educar para escalar y bucear,sub-027.json,56,39,17,30.3571,1,53,13.5357,4,53,18.7436
Educar para escalar y bucear,sub-030.json,72,48,24,33.3333,1,56,11.0139,4,56,15.8125
Educar para escalar y bucear,sub-034.json,47,39,8,17.0213,1,70,16.3191,4,70,19.3846
Educar para escalar y bucear,sub-035.json,46,35,11,23.913,1,70,15.1739,4,70,19.4286
Educar para escalar y bucear,sub-048.json,44,36,8,18.1818,1,70,15.8636,4,70,19
Educar para escalar y bucear,sub-052.json,70,46,24,34.2857,1,70,11.5286,4,70,16.8261
Educar para escalar y bucear,sub-053.json,44,37,7,15.9091,1,70,17.1136,4,70,20
Educar para escalar y bucear,sub-054.json,48,40,8,16.6667,1,54,15.1875,4,54,17.925
Educar para escalar y bucear,sub-055.json,40,34,6,15.0,1,70,17,4,70,19.6176
Educar para escalar y bucear,sub-056.json,56,41,15,26.7857,1,70,13.6071,4,70,18.0732
Educar para escalar y bucear,sub-058.json,44,35,9,20.4545,1,70,15.9091,4,70,19.6286
Educar para escalar y bucear,sub-060.json,62,45,17,27.4194,1,70,12.7742,4,70,16.9778
Educar para escalar y bucear,sub-065.json,44,33,11,25.0,1,70,15.6591,4,70,20.1818
Educar para escalar y bucear,sub-066.json,54,36,18,33.3333,1,70,13.1111,4,70,18.9444
Educar para escalar y bucear,sub-068.json,45,32,13,28.8889,1,70,13.7556,4,70,18.75
Educar para escalar y bucear,sub-070.json,55,40,15,27.2727,1,54,13.7273,4,54,18.35
Educar para escalar y bucear,sub-071.json,57,38,19,33.3333,1,68,12.4211,4,68,17.8947
Educar para escalar y bucear,sub-073.json,52,38,14,26.9231,1,70,13.6154,4,70,18.1316
Educar para escalar y bucear,sub-075.json,58,46,12,20.6897,1,69,14.3966,4,69,17.6739
Educar para escalar y bucear,sub-077.json,104,62,42,40.3846,1,47,9.9808,4,47,15.8065
Educar para escalar y bucear,sub-078.json,41,37,4,9.7561,1,70,17.3659,4,70,19.0541
Educar para escalar y bucear,sub-080.json,65,40,25,38.4615,1,49,10.7692,4,49,16.5
Educar para escalar y bucear,sub-081.json,49,40,9,18.3673,1,69,14.6327,4,69,17.575
Educar para escalar y bucear,sub-083.json,48,41,7,14.5833,1,70,14.75,4,70,17
Educar para escalar y bucear,sub-085.json,87,55,32,36.7816,1,70,11.2529,4,70,16.9091
Educar para escalar y bucear,sub-086.json,47,36,11,23.4043,1,70,14.8085,4,70,18.9444
Educar para escalar y bucear,sub-087.json,70,48,22,31.4286,1,70,11.6571,4,70,16.3125
Educar para escalar y bucear,sub-090.json,57,41,16,28.0702,1,70,12.386,4,70,16.561
Educar para escalar y bucear,sub-091.json,42,37,5,11.9048,1,69,17.1429,4,69,19.1892
Educar para escalar y bucear,sub-096.json,42,34,8,19.0476,1,70,16.619,5,70,20.0588
Educar para escalar y bucear,sub-097.json,51,35,16,31.3725,1,69,13.5882,4,69,19.0571
Educar para escalar y bucear,sub-100.json,55,39,16,29.0909,1,70,13.6909,4,70,18.5128
Educar para escalar y bucear,sub-103.json,48,38,10,20.8333,1,70,14.875,4,70,18.3684
Educar para escalar y bucear,sub-105.json,55,41,14,25.4545,1,53,13.0545,4,53,17.0488
Educar para escalar y bucear,sub-112.json,50,40,10,20.0,1,70,15,4,70,18.325
El almohadón de plumas,sub-001.json,85,56,29,34.1176,1,36,9.2941,4,36,13.2857
El almohadón de plumas,sub-002.json,77,53,24,31.1688,1,37,9.3636,4,37,12.8679
El almohadón de plumas,sub-003.json,69,53,16,23.1884,1,37,10.5507,4,37,13.1509
El almohadón de plumas,sub-006.json,52,46,6,11.5385,1,37,12.1154,4,37,13.4348
El almohadón de plumas,sub-009.json,74,55,19,25.6757,1,37,10.2703,4,37,13.2364
El almohadón de plumas,sub-010.json,58,49,9,15.5172,1,37,11.4138,4,37,13.2041
El almohadón de plumas,sub-012.json,64,43,21,32.8125,1,37,9.9844,4,37,13.7674
El almohadón de plumas,sub-013.json,60,50,10,16.6667,1,37,11.3833,4,37,13.32
El almohadón de plumas,sub-016.json,62,50,12,19.3548,1,38,11.2903,4,38,13.62
El almohadón de plumas,sub-018.json,64,53,11,17.1875,1,37,10.7656,4,37,12.6792
El almohadón de plumas,sub-021.json,58,49,9,15.5172,1,38,11.7931,4,38,13.5918
El almohadón de plumas,sub-024.json,82,54,28,34.1463,1,38,8.9756,4,38,12.8519
El almohadón de plumas,sub-028.json,109,56,53,48.6239,1,35,6.7431,4,35,11.9643
El almohadón de plumas,sub-034.json,67,49,18,26.8657,1,37,10.4478,4,37,13.6327
El almohadón de plumas,sub-036.json,72,55,17,23.6111,1,37,9.4028,4,37,11.8182
El almohadón de plumas,sub-039.json,64,49,15,23.4375,1,36,10.3281,4,36,12.9184
El almohadón de plumas,sub-041.json,67,55,12,17.9104,1,38,10.9552,4,38,12.8909
El almohadón de plumas,sub-042.json,63,51,12,19.0476,1,38,10.8889,4,38,13.0588
El almohadón de plumas,sub-044.json,59,49,10,16.9492,1,38,11.4576,4,38,13.3469
El almohadón de plumas,sub-046.json,82,54,28,34.1463,1,38,8.8659,4,38,12.6111
El almohadón de plumas,sub-048.json,70,55,15,21.4286,1,38,10.4714,4,38,12.8727
El almohadón de plumas,sub-052.json,97,60,37,38.1443,1,37,8.4433,4,37,12.7167
El almohadón de plumas,sub-053.json,61,52,9,14.7541,1,38,11.7705,4,38,13.4808
El almohadón de plumas,sub-054.json,106,62,44,41.5094,1,36,8.1509,4,36,12.7258
El almohadón de plumas,sub-058.json,63,52,11,17.4603,1,38,11.127,4,38,13.0769
El almohadón de plumas,sub-060.json,93,61,32,34.4086,1,37,8.2581,4,37,11.7377
El almohadón de plumas,sub-064.json,70,54,16,22.8571,1,38,10.3143,4,38,12.8889
El almohadón de plumas,sub-065.json,56,47,9,16.0714,1,38,12.1429,4,38,14
El almohadón de plumas,sub-066.json,82,51,31,37.8049,1,37,9.3415,4,37,13.9216
El almohadón de plumas,sub-067.json,100,52,48,48.0,1,33,7.12,4,33,12.3846
El almohadón de plumas,sub-068.json,58,49,9,15.5172,1,37,11.3448,4,37,13.1224
El almohadón de plumas,sub-070.json,133,59,74,55.6391,1,38,5.8346,4,38,11.4915
El almohadón de plumas,sub-075.json,63,49,14,22.2222,1,37,11.0159,4,37,13.6327
El almohadón de plumas,sub-076.json,76,50,26,34.2105,1,37,9.0526,4,37,12.92
El almohadón de plumas,sub-077.json,79,55,24,30.3797,1,36,9.3165,4,36,12.6182
El almohadón de plumas,sub-078.json,66,54,12,18.1818,1,37,10.5606,4,37,12.537
El almohadón de plumas,sub-079.json,76,56,20,26.3158,1,37,9.7105,4,37,12.6607
El almohadón de plumas,sub-082.json,59,49,10,16.9492,1,37,11.4237,4,37,13.4082
El almohadón de plumas,sub-083.json,68,50,18,26.4706,1,38,10.2059,4,38,13.32
El almohadón de plumas,sub-085.json,95,67,28,29.4737,1,38,9.1684,4,38,12.2239
El almohadón de plumas,sub-086.json,67,52,15,22.3881,1,37,10.209,4,37,12.6731
El almohadón de plumas,sub-087.json,82,56,26,31.7073,1,38,9.4024,4,38,13
El almohadón de plumas,sub-088.json,95,61,34,35.7895,1,38,8.5895,4,38,12.541
El almohadón de plumas,sub-089.json,59,49,10,16.9492,1,36,11.0169,4,36,13
El almohadón de plumas,sub-091.json,55,46,9,16.3636,1,38,11.3455,4,38,13.1522
El almohadón de plumas,sub-093.json,71,53,18,25.3521,1,38,10.2535,4,38,13.2642
El almohadón de plumas,sub-095.json,93,61,32,34.4086,1,37,8.5484,4,37,12.2459
El almohadón de plumas,sub-096.json,64,53,11,17.1875,1,38,11.4531,4,38,13.434
El almohadón de plumas,sub-097.json,136,77,59,43.3824,1,37,7.4265,4,37,11.8571
El almohadón de plumas,sub-098.json,60,53,7,11.6667,1,38,11.7167,4,38,13.0189
El almohadón de plumas,sub-101.json,71,56,15,21.1268,1,36,10.6338,4,36,12.9821
El almohadón de plumas,sub-103.json,77,55,22,28.5714,1,37,9.5325,4,37,12.8727
El almohadón de plumas,sub-107.json,75,53,22,29.3333,1,38,9.2133,4,38,12.3774
El almohadón de plumas,sub-109.json,60,51,9,15.0,1,38,11.5667,4,38,13.2353
El almohadón de plumas,sub-111.json,64,51,13,20.3125,1,37,10.3438,4,37,12.6667
El almohadón de plumas,sub-112.json,56,51,5,8.9286,1,38,11.9286,4,38,12.9216
El espejo,sub-001.json,71,52,19,26.7606,1,34,10.7465,4,34,14.0577
El espejo,sub-002.json,86,59,27,31.3953,1,35,9.9884,4,35,13.7966
El espejo,sub-003.json,63,48,15,23.8095,1,34,12,4,34,15.1458
El espejo,sub-006.json,59,49,10,16.9492,1,34,12.1356,4,34,14.1837
El espejo,sub-009.json,61,49,12,19.6721,1,35,11.8033,4,35,14.2245
El espejo,sub-010.json,59,47,12,20.339,1,35,11.9661,4,35,14.4255
El espejo,sub-012.json,86,48,38,44.186,1,34,8.2209,4,34,13.5
El espejo,sub-013.json,77,55,22,28.5714,1,33,10.4805,4,33,14.0182
El espejo,sub-016.json,85,58,27,31.7647,1,35,9.6824,4,35,13.5172
El espejo,sub-018.json,73,55,18,24.6575,1,34,11.4521,4,34,14.4909
El espejo,sub-021.json,61,48,13,21.3115,1,34,11.9344,4,34,14.5833
El espejo,sub-024.json,83,48,35,42.1687,1,33,7.8072,4,33,12.2708
El espejo,sub-027.json,96,58,38,39.5833,1,35,8.3646,4,35,12.8448
El espejo,sub-028.json,105,58,47,44.7619,1,35,7.4286,4,35,12.3793
El espejo,sub-034.json,75,51,24,32.0,1,35,10.36,4,35,14.2157
El espejo,sub-039.json,78,46,32,41.0256,1,35,9.1923,4,35,14.413
El espejo,sub-041.json,70,50,20,28.5714,1,35,10.5286,4,35,14.06
El espejo,sub-042.json,72,51,21,29.1667,1,35,10.3889,4,35,14.0588
El espejo,sub-044.json,59,50,9,15.2542,1,35,12.5085,4,35,14.42
El espejo,sub-046.json,86,55,31,36.0465,1,35,9.3372,4,35,13.7273
El espejo,sub-048.json,69,54,15,21.7391,1,35,11.3333,4,35,13.9815
El espejo,sub-052.json,79,56,23,29.1139,1,34,10.7848,4,34,14.3929
El espejo,sub-053.json,65,50,15,23.0769,1,35,11.8615,4,35,14.82
El espejo,sub-054.json,113,69,44,38.9381,1,35,8.0531,4,35,12.1884
El espejo,sub-058.json,79,48,31,39.2405,1,35,9.8987,4,35,15.0833
El espejo,sub-060.json,72,55,17,23.6111,1,35,10.9306,4,35,13.7818
El espejo,sub-064.json,75,55,20,26.6667,1,35,11.36,4,35,14.7455
El espejo,sub-065.json,62,51,11,17.7419,1,35,12.0484,4,35,14.1961
El espejo,sub-066.json,64,49,15,23.4375,1,35,11.5938,4,35,14.6531
El espejo,sub-067.json,62,51,11,17.7419,1,35,11.8065,4,35,13.9804
El espejo,sub-068.json,61,49,12,19.6721,1,34,12.1311,4,34,14.6122
El espejo,sub-070.json,93,60,33,35.4839,1,34,8.4624,4,34,12.3833
El espejo,sub-073.json,72,51,21,29.1667,1,34,10.75,4,34,14.4118
El espejo,sub-075.json,83,62,21,25.3012,1,35,11.3133,4,35,14.4839
El espejo,sub-077.json,96,58,38,39.5833,1,34,9.1667,4,34,14.0517
El espejo,sub-078.json,69,46,23,33.3333,1,35,10.6377,4,35,15.2174
El espejo,sub-079.json,81,54,27,33.3333,1,35,9.6914,4,35,13.6111
El espejo,sub-083.json,71,50,21,29.5775,1,35,10.9155,4,35,14.86
El espejo,sub-085.json,84,58,26,30.9524,1,35,9.9524,4,35,13.6724
El espejo,sub-086.json,78,54,24,30.7692,1,34,10.0769,4,34,13.7593
El espejo,sub-087.json,85,52,33,38.8235,1,35,9.3059,4,35,14.1731
El espejo,sub-088.json,105,62,43,40.9524,1,35,7.8476,4,35,12.3226
El espejo,sub-089.json,69,51,18,26.087,1,34,10.5217,4,34,13.7451
El espejo,sub-091.json,74,57,17,22.973,1,35,10.5405,4,35,13.193
El espejo,sub-094.json,80,52,28,35.0,1,35,10.1625,4,35,14.75
El espejo,sub-095.json,135,68,67,49.6296,1,35,7.5704,4,35,13.5882
El espejo,sub-096.json,68,48,20,29.4118,1,34,10.9265,4,34,14.7708
El espejo,sub-097.json,107,65,42,39.2523,1,32,8.8505,4,32,13.6
El espejo,sub-098.json,65,51,14,21.5385,1,34,11.8615,4,34,14.4706
El espejo,sub-101.json,77,52,25,32.4675,1,34,10.2078,4,34,14.2692
El espejo,sub-103.json,79,53,26,32.9114,1,35,9.9873,4,35,14.1132
El espejo,sub-105.json,69,50,19,27.5362,1,35,10.9855,4,35,14.44
El espejo,sub-107.json,68,51,17,25.0,1,35,10.7941,4,35,13.7843
El espejo,sub-109.json,70,50,20,28.5714,1,34,10.9714,4,34,14.66
El espejo,sub-111.json,80,51,29,36.25,1,35,9.5,4,35,13.9412
El espejo,sub-112.json,67,47,20,29.8507,1,34,11.0896,4,34,15.0426
El golpe de gracia,sub-003.json,42,35,7,16.6667,1,50,16.8571,4,50,19.9143
El golpe de gracia,sub-006.json,46,37,9,19.5652,1,48,14.7826,4,48,18.0541
El golpe de gracia,sub-007.json,74,49,25,33.7838,1,50,11.1351,4,50,15.9388
El golpe de gracia,sub-009.json,38,35,3,7.8947,1,48,18.2368,6,48,19.6286
El golpe de gracia,sub-010.json,44,34,10,22.7273,1,48,15.3864,6,48,19.5294
El golpe de gracia,sub-011.json,74,50,24,32.4324,1,50,12.527,4,50,17.86
El golpe de gracia,sub-013.json,48,41,7,14.5833,1,48,16.3958,6,48,18.9024
El golpe de gracia,sub-016.json,61,39,22,36.0656,1,49,12.7541,4,49,19.0769
El golpe de gracia,sub-017.json,41,37,4,9.7561,1,49,17.0244,4,49,18.7297
El golpe de gracia,sub-018.json,46,36,10,21.7391,1,50,15.2391,4,50,19.0833
El golpe de gracia,sub-021.json,42,34,8,19.0476,1,50,16.5,5,50,19.9706
El golpe de gracia,sub-022.json,80,47,33,41.25,1,39,8.85,4,39,14.0851
El golpe de gracia,sub-027.json,61,39,22,36.0656,1,39,11.7541,4,39,17.5897
El golpe de gracia,sub-030.json,76,48,28,36.8421,1,48,10.1974,4,48,15.4583
El golpe de gracia,sub-034.json,46,38,8,17.3913,1,50,16.1739,4,50,19.2368
El golpe de gracia,sub-035.json,38,34,4,10.5263,1,50,18.4737,4,50,20.3824
El golpe de gracia,sub-039.json,42,35,7,16.6667,1,49,16.4762,4,49,19.4286
El golpe de gracia,sub-048.json,38,34,4,10.5263,1,50,18.0789,4,50,19.9412
El golpe de gracia,sub-052.json,58,44,14,24.1379,1,50,14.8966,6,50,19.1591
El golpe de gracia,sub-053.json,40,35,5,12.5,1,50,17.475,4,50,19.7429
El golpe de gracia,sub-054.json,55,38,17,30.9091,1,38,13.1818,4,38,18.4737
El golpe de gracia,sub-055.json,43,37,6,13.9535,1,50,17.2791,6,50,19.8649
El golpe de gracia,sub-056.json,68,47,21,30.8824,1,47,11.8824,4,47,16.5957
El golpe de gracia,sub-058.json,61,39,22,36.0656,1,41,11.5082,4,41,17.359
El golpe de gracia,sub-060.json,50,38,12,24.0,1,50,15.12,4,50,19.3158
El golpe de gracia,sub-065.json,38,36,2,5.2632,1,49,18.2632,4,49,19.1944
El golpe de gracia,sub-066.json,41,37,4,9.7561,2,49,16.8537,4,49,18.4054
El golpe de gracia,sub-068.json,47,38,9,19.1489,1,50,15.4894,4,50,18.7632
El golpe de gracia,sub-070.json,71,47,24,33.8028,1,50,11.7606,4,50,16.9574
El golpe de gracia,sub-071.json,41,34,7,17.0732,1,50,16.7805,5,50,20
El golpe de gracia,sub-073.json,38,35,3,7.8947,1,50,18.0263,4,50,19.4
El golpe de gracia,sub-075.json,55,46,9,16.3636,1,37,16.2182,4,37,19.087
El golpe de gracia,sub-077.json,80,53,27,33.75,1,49,10.5875,4,49,15.2075
El golpe de gracia,sub-078.json,41,34,7,17.0732,1,49,16.9024,4,49,20.0294
El golpe de gracia,sub-080.json,61,43,18,29.5082,1,49,11.8525,4,49,16.3023
El golpe de gracia,sub-081.json,49,40,9,18.3673,1,50,14.7143,4,50,17.65
El golpe de gracia,sub-083.json,55,41,14,25.4545,1,50,14.8727,5,50,19.3415
El golpe de gracia,sub-085.json,50,39,11,22.0,1,50,15.64,4,50,19.6667
El golpe de gracia,sub-086.json,46,39,7,15.2174,1,48,15.587,4,48,18.0513
El golpe de gracia,sub-087.json,48,39,9,18.75,1,50,14.8542,4,50,17.9487
El golpe de gracia,sub-090.json,45,37,8,17.7778,1,50,15.6667,4,50,18.6757
El golpe de gracia,sub-091.json,58,40,18,31.0345,1,50,13.3966,4,50,18.675
El golpe de gracia,sub-095.json,75,48,27,36.0,1,50,12.1067,4,50,18.1458
El golpe de gracia,sub-096.json,43,37,6,13.9535,1,50,16.6512,4,50,19.0811
El golpe de gracia,sub-097.json,69,48,21,30.4348,1,49,13.1449,4,49,18.2708
El golpe de gracia,sub-100.json,44,37,7,15.9091,1,50,16.2045,4,50,19
El golpe de gracia,sub-103.json,46,37,9,19.5652,1,50,15.413,4,50,18.7838
El golpe de gracia,sub-109.json,47,38,9,19.1489,1,46,15.5106,4,46,18.7895
El golpe de gracia,sub-111.json,37,35,2,5.4054,2,50,18.4324,4,50,19.3429
El golpe de gracia,sub-112.json,60,43,17,28.3333,1,48,13.0833,4,48,17.5814
Embarrar la magia,sub-003.json,79,54,25,31.6456,1,43,11.3165,4,43,15.7593
Embarrar la magia,sub-006.json,74,48,26,35.1351,1,43,11.0135,4,43,16.1042
Embarrar la magia,sub-007.json,77,55,22,28.5714,1,43,11.7143,4,43,15.7273
Embarrar la magia,sub-008.json,135,80,55,40.7407,1,43,9.763,4,43,15.35
Embarrar la magia,sub-009.json,60,46,14,23.3333,1,43,13.3,4,43,16.8043
Embarrar la magia,sub-010.json,82,54,28,34.1463,1,42,9.9878,4,42,14.4074
Embarrar la magia,sub-011.json,114,63,51,44.7368,1,43,9.1053,4,43,15.2222
Embarrar la magia,sub-013.json,71,56,15,21.1268,1,43,12.8732,4,43,15.8929
Embarrar la magia,sub-017.json,65,48,17,26.1538,1,43,12.8154,4,43,16.7292
Embarrar la magia,sub-018.json,63,48,15,23.8095,1,42,12.7619,4,42,16.25
Embarrar la magia,sub-021.json,68,48,20,29.4118,1,43,11.9853,4,43,16.3125
Embarrar la magia,sub-022.json,90,56,34,37.7778,1,39,9.7,4,39,14.75
Embarrar la magia,sub-027.json,67,50,17,25.3731,1,39,12.3582,4,39,15.96
Embarrar la magia,sub-030.json,174,69,105,60.3448,1,40,6.7241,4,40,14.7246
Embarrar la magia,sub-034.json,63,50,13,20.6349,1,43,13.0476,4,43,15.96
Embarrar la magia,sub-035.json,74,47,27,36.4865,1,42,11.3243,4,42,16.9574
Embarrar la magia,sub-039.json,63,49,14,22.2222,1,43,13.0635,4,43,16.3061
Embarrar la magia,sub-048.json,59,46,13,22.0339,1,43,13.8136,4,43,17.087
Embarrar la magia,sub-052.json,102,57,45,44.1176,1,43,9.0882,4,43,15.0526
Embarrar la magia,sub-053.json,70,50,20,28.5714,1,43,11.8429,4,43,16.02
Embarrar la magia,sub-054.json,73,48,25,34.2466,1,43,10.1644,4,43,14.5833
Embarrar la magia,sub-055.json,69,49,20,28.9855,1,42,11.4783,4,42,15.4898
Embarrar la magia,sub-056.json,90,59,31,34.4444,1,41,10.1778,4,41,14.6441
Embarrar la magia,sub-058.json,81,53,28,34.5679,1,42,10.3827,4,42,15.1509
Embarrar la magia,sub-060.json,83,56,27,32.5301,1,43,11.1928,4,43,15.7143
Embarrar la magia,sub-065.json,82,58,24,29.2683,1,43,10.7805,4,43,14.6034
Embarrar la magia,sub-066.json,73,49,24,32.8767,1,43,11.4384,4,43,16.2857
Embarrar la magia,sub-068.json,69,48,21,30.4348,1,42,11.913,4,42,16.4583
Embarrar la magia,sub-070.json,73,50,23,31.5068,1,43,11.9589,4,43,16.74
Embarrar la magia,sub-071.json,84,49,35,41.6667,1,43,10,4,43,16.0408
Embarrar la magia,sub-073.json,83,56,27,32.5301,1,42,10.6627,4,42,15
Embarrar la magia,sub-077.json,188,93,95,50.5319,1,42,7.1383,4,42,12.9032
Embarrar la magia,sub-078.json,68,47,21,30.8824,1,43,12.1765,4,43,16.8723
Embarrar la magia,sub-080.json,73,48,25,34.2466,1,43,11.0274,4,43,15.8125
Embarrar la magia,sub-081.json,78,51,27,34.6154,1,43,10.7436,4,43,15.5686
Embarrar la magia,sub-083.json,82,49,33,40.2439,1,43,10.3537,4,43,16.3265
Embarrar la magia,sub-085.json,152,82,70,46.0526,1,43,7.5395,4,43,12.7195
Embarrar la magia,sub-086.json,75,51,24,32.0,1,43,11.0267,4,43,15.4314
Embarrar la magia,sub-087.json,93,53,40,43.0108,1,41,9.7634,4,41,16
Embarrar la magia,sub-090.json,73,50,23,31.5068,1,42,11.3425,4,42,15.86
Embarrar la magia,sub-091.json,72,49,23,31.9444,1,43,11.7083,5,43,16.5102
Embarrar la magia,sub-095.json,102,56,46,45.098,1,43,9.0294,4,43,15.3393
Embarrar la magia,sub-096.json,64,47,17,26.5625,1,41,12.8594,5,41,16.8085
Embarrar la magia,sub-097.json,93,65,28,30.1075,1,43,11.0538,4,43,15.1538
Embarrar la magia,sub-100.json,81,51,30,37.037,1,43,10.4691,4,43,15.7059
Embarrar la magia,sub-106.json,119,70,49,41.1765,1,43,8.9748,4,43,14.2286
Embarrar la magia,sub-109.json,97,65,32,32.9897,1,43,10.0309,4,43,14.1385
Embarrar la magia,sub-111.json,99,53,46,46.4646,1,43,9.2323,4,43,15.8868
Embarrar la magia,sub-112.json,77,51,26,33.7662,1,43,11.039,4,43,15.8235
La canción que cantábamos todos los días,sub-001.json,51,43,8,15.6863,1,49,15.4902,4,49,18.0698
La canción que cantábamos todos los días,sub-002.json,57,42,15,26.3158,1,50,12.807,4,50,16.7619
La canción que cantábamos todos los días,sub-003.json,50,40,10,20.0,1,49,14.96,4,49,18.225
La canción que cantábamos todos los días,sub-005.json,51,45,6,11.7647,1,48,14.7059,4,48,16.4222
La canción que cantábamos todos los días,sub-006.json,53,40,13,24.5283,1,49,12.9811,4,49,16.8
La canción que cantábamos todos los días,sub-009.json,59,47,12,20.339,1,48,14.2881,4,48,17.5745
La canción que cantábamos todos los días,sub-010.json,46,38,8,17.3913,1,48,15.587,4,48,18.4474
La canción que cantábamos todos los días,sub-013.json,48,42,6,12.5,1,50,15.7708,4,50,17.7381
La canción que cantábamos todos los días,sub-016.json,54,43,11,20.3704,1,49,14.2963,4,49,17.5814
La canción que cantábamos todos los días,sub-018.json,56,49,7,12.5,1,46,13.4643,4,46,15.1429
La canción que cantábamos todos los días,sub-021.json,47,38,9,19.1489,1,49,15.2766,5,49,18.4737
La canción que cantábamos todos los días,sub-024.json,73,49,24,32.8767,1,43,10.8767,4,43,15.551
La canción que cantábamos todos los días,sub-028.json,61,42,19,31.1475,1,47,12.2295,4,47,17.1905
La canción que cantábamos todos los días,sub-034.json,58,46,12,20.6897,1,43,14.1379,4,43,17.4565
La canción que cantábamos todos los días,sub-036.json,68,44,24,35.2941,1,43,10.6912,4,43,15.8182
La canción que cantábamos todos los días,sub-039.json,45,41,4,8.8889,1,43,15.8667,4,43,17.2195
La canción que cantábamos todos los días,sub-041.json,50,44,6,12.0,1,49,15.7,4,49,17.6136
La canción que cantábamos todos los días,sub-042.json,46,41,5,10.8696,1,49,15.3696,4,49,17.0732
La canción que cantábamos todos los días,sub-044.json,46,39,7,15.2174,1,49,15.587,4,49,18.1026
La canción que cantábamos todos los días,sub-046.json,56,47,9,16.0714,1,48,14.75,4,48,17.2553
La canción que cantábamos todos los días,sub-048.json,49,43,6,12.2449,1,48,15.3265,4,48,17.2558
La canción que cantábamos todos los días,sub-052.json,56,45,11,19.6429,1,49,14.5179,4,49,17.6444
La canción que cantábamos todos los días,sub-053.json,47,40,7,14.8936,1,49,15.4255,4,49,17.9
La canción que cantábamos todos los días,sub-054.json,48,44,4,8.3333,1,48,15.7917,4,48,17.0909
La canción que cantábamos todos los días,sub-058.json,60,40,20,33.3333,1,49,12.2333,4,49,17.6
La canción que cantábamos todos los días,sub-060.json,71,48,23,32.3944,1,49,10.9577,4,49,15.5833
La canción que cantábamos todos los días,sub-064.json,48,45,3,6.25,1,50,15.9375,4,50,16.9111
La canción que cantábamos todos los días,sub-065.json,43,39,4,9.3023,1,49,16.7442,4,49,18.2308
La canción que cantábamos todos los días,sub-066.json,43,39,4,9.3023,1,49,16.4186,4,49,17.8974
La canción que cantábamos todos los días,sub-068.json,78,58,20,25.641,1,49,11.359,4,49,14.7931
La canción que cantábamos todos los días,sub-070.json,67,49,18,26.8657,1,47,12.1194,4,47,16.1224
La canción que cantábamos todos los días,sub-073.json,51,43,8,15.6863,1,46,14.7843,4,46,17.1628
La canción que cantábamos todos los días,sub-075.json,63,53,10,15.873,1,48,13.9524,4,48,16.2264
La canción que cantábamos todos los días,sub-077.json,83,50,33,39.759,1,46,8.9759,4,46,13.86
La canción que cantábamos todos los días,sub-078.json,50,38,12,24.0,1,49,14.14,4,49,18.1316
La canción que cantábamos todos los días,sub-079.json,61,49,12,19.6721,1,43,12.9836,4,43,15.7347
La canción que cantábamos todos los días,sub-082.json,48,41,7,14.5833,1,49,15.0625,4,49,17.3902
La canción que cantábamos todos los días,sub-083.json,53,41,12,22.6415,1,42,13.6415,4,42,17.1707
La canción que cantábamos todos los días,sub-085.json,81,56,25,30.8642,1,48,11.3457,4,48,15.6607
La canción que cantábamos todos los días,sub-086.json,51,42,9,17.6471,1,50,14.3529,4,50,17.0952
La canción que cantábamos todos los días,sub-088.json,76,50,26,34.2105,1,50,9.7763,4,50,14.18
La canción que cantábamos todos los días,sub-089.json,45,41,4,8.8889,1,49,16.1556,4,49,17.5854
La canción que cantábamos todos los días,sub-091.json,66,50,16,24.2424,1,49,12.4091,4,49,15.96
La canción que cantábamos todos los días,sub-095.json,62,50,12,19.3548,1,49,13.2097,4,49,16.06
La canción que cantábamos todos los días,sub-096.json,45,41,4,8.8889,1,50,15.7556,4,50,17.0976
La canción que cantábamos todos los días,sub-097.json,70,51,19,27.1429,1,49,12.8286,4,49,17
La canción que cantábamos todos los días,sub-098.json,60,49,11,18.3333,1,49,13.55,4,49,16.2857
La canción que cantábamos todos los días,sub-101.json,81,53,28,34.5679,1,48,11.7778,4,48,17.3396
La canción que cantábamos todos los días,sub-103.json,54,46,8,14.8148,1,49,14.7778,4,49,16.9783
La canción que cantábamos todos los días,sub-107.json,66,47,19,28.7879,1,44,12.5455,4,44,17
La canción que cantábamos todos los días,sub-109.json,49,44,5,10.2041,1,49,15.7551,4,49,17.3409
La canción que cantábamos todos los días,sub-111.json,68,54,14,20.5882,1,48,12.6176,4,48,15.4444
La canción que cantábamos todos los días,sub-112.json,52,44,8,15.3846,1,46,15.0385,4,46,17.5455
La de la Obsesión por la Patineta,sub-003.json,58,43,15,25.8621,1,37,12.0862,4,37,15.6279
La de la Obsesión por la Patineta,sub-006.json,83,52,31,37.3494,1,36,8.4217,4,36,12.5385
La de la Obsesión por la Patineta,sub-007.json,68,47,21,30.8824,1,36,10.9265,4,36,15.0213
La de la Obsesión por la Patineta,sub-008.json,94,55,39,41.4894,1,37,8.4681,4,37,13.4727
La de la Obsesión por la Patineta,sub-009.json,72,54,18,25.0,1,36,10.3611,4,36,13.2778
La de la Obsesión por la Patineta,sub-010.json,52,41,11,21.1538,1,36,12.4423,4,36,15.2927
La de la Obsesión por la Patineta,sub-011.json,85,56,29,34.1176,1,36,9.8,4,36,14.0357
La de la Obsesión por la Patineta,sub-013.json,58,43,15,25.8621,1,37,12.1897,4,37,15.7907
La de la Obsesión por la Patineta,sub-016.json,62,43,19,30.6452,1,37,11.2903,4,37,15.5814
La de la Obsesión por la Patineta,sub-017.json,64,47,17,26.5625,1,36,11.6719,4,36,15.1915
La de la Obsesión por la Patineta,sub-018.json,76,49,27,35.5263,1,37,9,4,37,13.0612
La de la Obsesión por la Patineta,sub-021.json,54,41,13,24.0741,1,37,12.4444,5,37,15.9024
La de la Obsesión por la Patineta,sub-022.json,80,48,32,40.0,1,35,8.65,4,35,13.2917
La de la Obsesión por la Patineta,sub-027.json,68,52,16,23.5294,1,36,12.0735,4,36,15.25
La de la Obsesión por la Patineta,sub-030.json,111,58,53,47.7477,1,36,7.9009,4,36,13.7586
La de la Obsesión por la Patineta,sub-034.json,86,61,25,29.0698,1,37,10.9186,4,37,14.623
La de la Obsesión por la Patineta,sub-035.json,56,43,13,23.2143,1,38,12.3393,4,38,15.5116
La de la Obsesión por la Patineta,sub-039.json,59,44,15,25.4237,1,36,10.8644,4,36,14
La de la Obsesión por la Patineta,sub-048.json,48,41,7,14.5833,1,37,13.9167,4,37,15.9268
La de la Obsesión por la Patineta,sub-052.json,85,54,31,36.4706,1,37,9.5647,4,37,14.2407
La de la Obsesión por la Patineta,sub-053.json,94,55,39,41.4894,1,37,9.1702,4,37,14.7455
La de la Obsesión por la Patineta,sub-054.json,88,52,36,40.9091,1,38,8.9659,4,38,14.1154
La de la Obsesión por la Patineta,sub-055.json,61,43,18,29.5082,1,36,11.1475,4,36,15.1395
La de la Obsesión por la Patineta,sub-056.json,77,51,26,33.7662,1,37,9.974,4,37,14.4314
La de la Obsesión por la Patineta,sub-058.json,55,41,14,25.4545,1,37,12.4545,5,37,16.0976
La de la Obsesión por la Patineta,sub-060.json,74,57,17,22.973,1,36,11.3919,4,36,14.193
La de la Obsesión por la Patineta,sub-065.json,61,43,18,29.5082,1,36,11.1311,4,36,15.0698
La de la Obsesión por la Patineta,sub-066.json,77,47,30,38.961,1,34,9.1948,4,34,14.0213
La de la Obsesión por la Patineta,sub-068.json,48,43,5,10.4167,2,37,13.7708,4,37,15.1395
La de la Obsesión por la Patineta,sub-070.json,64,46,18,28.125,1,37,10.9844,4,37,14.6304
La de la Obsesión por la Patineta,sub-071.json,71,47,24,33.8028,1,36,9.8451,4,36,14.1489
La de la Obsesión por la Patineta,sub-073.json,85,46,39,45.8824,1,37,8.7176,4,37,14.8478
La de la Obsesión por la Patineta,sub-075.json,95,57,38,40.0,1,37,8.8105,4,37,13.5088
La de la Obsesión por la Patineta,sub-077.json,185,91,94,50.8108,1,36,6.6216,4,36,12.0549
La de la Obsesión por la Patineta,sub-078.json,50,42,8,16.0,1,36,13.42,4,36,15.5476
La de la Obsesión por la Patineta,sub-080.json,72,45,27,37.5,1,37,9.9583,4,37,15.0222
La de la Obsesión por la Patineta,sub-081.json,52,40,12,23.0769,1,37,12.5,5,37,15.775
La de la Obsesión por la Patineta,sub-083.json,70,47,23,32.8571,1,36,10.4714,4,36,14.8511
La de la Obsesión por la Patineta,sub-086.json,53,41,12,22.6415,1,38,12.5283,4,38,15.6585
La de la Obsesión por la Patineta,sub-087.json,80,56,24,30.0,1,37,10.4625,5,37,14.1786
La de la Obsesión por la Patineta,sub-090.json,55,41,14,25.4545,1,36,11.8,4,36,15.3171
La de la Obsesión por la Patineta,sub-091.json,66,48,18,27.2727,1,36,10.9091,4,36,14.3333
La de la Obsesión por la Patineta,sub-095.json,93,52,41,44.086,1,38,8.8065,4,38,14.4423
La de la Obsesión por la Patineta,sub-096.json,58,44,14,24.1379,1,37,11.9655,4,37,15.1591
La de la Obsesión por la Patineta,sub-097.json,60,47,13,21.6667,1,37,11.8833,4,37,14.7234
La de la Obsesión por la Patineta,sub-100.json,85,53,32,37.6471,1,37,9.2706,4,37,13.9811
La de la Obsesión por la Patineta,sub-103.json,60,45,15,25.0,1,38,12.05,5,38,15.4
La de la Obsesión por la Patineta,sub-106.json,59,46,13,22.0339,1,37,12.2881,4,37,15.2609
La de la Obsesión por la Patineta,sub-109.json,52,43,9,17.3077,1,37,12.9038,4,37,15.186
La de la Obsesión por la Patineta,sub-111.json,75,55,20,26.6667,1,41,11.1333,4,41,14.6364
La de la Obsesión por la Patineta,sub-112.json,68,46,22,32.3529,1,36,11.1029,4,36,15.6304
La gallina degollada,sub-001.json,81,58,23,28.3951,1,35,10.358,4,35,13.8276
La gallina degollada,sub-002.json,72,57,15,20.8333,1,34,11.3333,4,34,13.9123
La gallina degollada,sub-003.json,60,55,5,8.3333,1,34,13.3833,4,34,14.4727
La gallina degollada,sub-006.json,59,50,9,15.2542,1,35,12.5085,4,35,14.48
La gallina degollada,sub-009.json,70,54,16,22.8571,1,35,11.4714,4,35,14.4074
La gallina degollada,sub-010.json,58,51,7,12.069,1,34,13.0172,4,34,14.5294
La gallina degollada,sub-012.json,57,49,8,14.0351,1,33,12.5965,4,33,14.3265
La gallina degollada,sub-013.json,73,59,14,19.1781,1,35,11.274,4,35,13.5932
La gallina degollada,sub-016.json,66,53,13,19.697,1,36,12.2424,4,36,14.8868
La gallina degollada,sub-018.json,74,62,12,16.2162,1,34,11.7703,4,34,13.7097
La gallina degollada,sub-021.json,58,51,7,12.069,1,35,13.3621,4,35,14.9412
La gallina degollada,sub-024.json,109,66,43,39.4495,1,35,7.5413,4,35,11.5758
La gallina degollada,sub-027.json,74,58,16,21.6216,1,33,11.1216,4,33,13.7586
La gallina degollada,sub-028.json,95,61,34,35.7895,1,33,8.3579,4,33,12.3279
La gallina degollada,sub-034.json,92,68,24,26.087,1,35,10.8587,4,35,14.1912
La gallina degollada,sub-039.json,65,53,12,18.4615,1,35,12.0769,4,35,14.4717
La gallina degollada,sub-041.json,65,58,7,10.7692,1,35,12.6,4,35,13.8793
La gallina degollada,sub-042.json,62,52,10,16.129,1,35,12.5806,4,35,14.5962
La gallina degollada,sub-044.json,65,52,13,20.0,1,34,11.8154,4,34,14.4231
La gallina degollada,sub-046.json,79,55,24,30.3797,1,35,10.2405,4,35,14.0182
La gallina degollada,sub-048.json,77,60,17,22.0779,1,34,11.6104,4,34,14.4667
La gallina degollada,sub-052.json,67,56,11,16.4179,1,35,12.6119,4,35,14.7143
La gallina degollada,sub-053.json,65,54,11,16.9231,1,35,12.6308,4,35,14.9259
La gallina degollada,sub-054.json,100,63,37,37.0,1,34,8.95,4,34,13.3016
La gallina degollada,sub-058.json,65,53,12,18.4615,1,35,12.3538,4,35,14.6981
La gallina degollada,sub-060.json,87,61,26,29.8851,1,35,9.9885,4,35,13.4918
La gallina degollada,sub-064.json,92,67,25,27.1739,1,35,10.0543,4,35,13.1493
La gallina degollada,sub-065.json,74,56,18,24.3243,1,34,10.9054,4,34,13.9643
La gallina degollada,sub-066.json,66,53,13,19.697,1,35,12.2424,4,35,14.8679
La gallina degollada,sub-070.json,91,70,21,23.0769,1,35,10.1758,4,35,12.8
La gallina degollada,sub-075.json,63,52,11,17.4603,1,35,12.4444,4,35,14.6731
La gallina degollada,sub-076.json,95,53,42,44.2105,1,35,8.8947,4,35,14.7925
La gallina degollada,sub-078.json,64,53,11,17.1875,1,34,12.1562,4,34,14.4528
La gallina degollada,sub-079.json,66,51,15,22.7273,1,35,11.9545,4,35,14.9608
La gallina degollada,sub-082.json,56,49,7,12.5,1,34,13.625,4,34,15.2857
La gallina degollada,sub-083.json,77,55,22,28.5714,1,35,10.5974,4,35,14.4
La gallina degollada,sub-085.json,67,57,10,14.9254,1,34,11.7612,4,34,13.5263
La gallina degollada,sub-086.json,59,52,7,11.8644,1,36,12.9661,4,36,14.4615
La gallina degollada,sub-087.json,87,55,32,36.7816,1,35,9.7241,4,35,14.6182
La gallina degollada,sub-088.json,90,60,30,33.3333,1,35,9.7556,4,35,13.8667
La gallina degollada,sub-089.json,63,51,12,19.0476,1,35,12.3333,4,35,14.8039
La gallina degollada,sub-091.json,86,58,28,32.5581,1,35,9.9884,4,35,14.069
La gallina degollada,sub-095.json,106,71,35,33.0189,1,35,9.4623,4,35,13.5634
La gallina degollada,sub-097.json,115,65,50,43.4783,1,35,7.9565,4,35,13
La gallina degollada,sub-098.json,69,51,18,26.087,1,35,11.5362,4,35,15.098
La gallina degollada,sub-101.json,66,55,11,16.6667,1,35,12.4091,4,35,14.5818
La gallina degollada,sub-103.json,76,55,21,27.6316,1,35,10.6974,4,35,14.2545
La gallina degollada,sub-107.json,67,55,12,17.9104,1,34,11.791,4,34,14
La gallina degollada,sub-109.json,88,53,35,39.7727,1,34,9.1477,4,34,14.1321
La gallina degollada,sub-111.json,89,68,21,23.5955,1,35,10.6517,4,35,13.5147
La gallina degollada,sub-112.json,73,53,20,27.3973,1,36,10.7397,4,36,14.2453
La lluvia de fuego,sub-001.json,73,53,20,27.3973,1,53,11.0959,4,53,14.7736
La lluvia de fuego,sub-002.json,52,47,5,9.6154,1,53,14.0962,4,53,15.4468
La lluvia de fuego,sub-003.json,48,45,3,6.25,2,51,15.2917,5,51,16.1333
La lluvia de fuego,sub-006.json,50,47,3,6.0,1,53,14.92,4,53,15.766
La lluvia de fuego,sub-009.json,54,49,5,9.2593,1,52,13.8333,4,52,15.0204
La lluvia de fuego,sub-010.json,48,44,4,8.3333,1,53,14.8333,4,53,16
La lluvia de fuego,sub-012.json,63,50,13,20.6349,1,52,11.4127,4,52,14.06
La lluvia de fuego,sub-013.json,53,47,6,11.3208,1,53,14,4,53,15.617
La lluvia de fuego,sub-016.json,53,49,4,7.5472,1,53,14.6415,4,53,15.7143
La lluvia de fuego,sub-018.json,57,52,5,8.7719,1,50,13.9474,4,50,15.0577
La lluvia de fuego,sub-021.json,49,47,2,4.0816,1,52,14.8776,4,52,15.4255
La lluvia de fuego,sub-024.json,59,50,9,15.2542,1,53,13.5424,4,53,15.66
La lluvia de fuego,sub-027.json,103,60,43,41.7476,1,51,8.7767,4,51,14.1667
La lluvia de fuego,sub-028.json,101,53,48,47.5248,1,52,7.2772,4,52,12.7547
La lluvia de fuego,sub-034.json,65,52,13,20.0,1,53,12.5692,4,53,15.3654
La lluvia de fuego,sub-039.json,62,52,10,16.129,1,53,12.0806,4,53,14.1731
La lluvia de fuego,sub-041.json,64,49,15,23.4375,1,53,11.8281,4,53,15.0408
La lluvia de fuego,sub-042.json,53,45,8,15.0943,1,49,13.4528,4,49,15.5556
La lluvia de fuego,sub-044.json,54,46,8,14.8148,1,50,13.7222,4,50,15.8478
La lluvia de fuego,sub-046.json,59,49,10,16.9492,1,53,12.9153,4,53,15.2857
La lluvia de fuego,sub-052.json,83,55,28,33.7349,1,53,10.3133,4,53,14.8364
La lluvia de fuego,sub-053.json,54,48,6,11.1111,1,53,13.9444,4,53,15.4583
La lluvia de fuego,sub-054.json,82,55,27,32.9268,1,51,9.7073,4,51,13.8909
La lluvia de fuego,sub-058.json,69,49,20,28.9855,1,53,11.1594,4,53,15.2653
La lluvia de fuego,sub-060.json,73,52,21,28.7671,1,51,10.5205,4,51,14.2308
La lluvia de fuego,sub-064.json,59,50,9,15.2542,1,52,13.0847,4,52,15.2
La lluvia de fuego,sub-065.json,52,48,4,7.6923,1,51,14.3462,4,51,15.3958
La lluvia de fuego,sub-066.json,51,46,5,9.8039,1,52,14.3333,4,52,15.7174
La lluvia de fuego,sub-068.json,64,52,12,18.75,1,50,12.0938,4,50,14.5769
La lluvia de fuego,sub-070.json,126,61,65,51.5873,1,51,6.5873,4,51,12.2787
La lluvia de fuego,sub-073.json,60,47,13,21.6667,1,53,12.2167,4,53,15.234
La lluvia de fuego,sub-075.json,81,65,16,19.7531,1,52,11.9383,4,52,14.4308
La lluvia de fuego,sub-077.json,114,69,45,39.4737,1,49,8.0877,4,49,12.4348
La lluvia de fuego,sub-078.json,65,46,19,29.2308,1,53,11.7077,5,53,16.0217
La lluvia de fuego,sub-082.json,52,47,5,9.6154,1,53,14.2308,4,53,15.617
La lluvia de fuego,sub-083.json,76,58,18,23.6842,1,41,11.4079,4,41,14.5517
La lluvia de fuego,sub-085.json,62,53,9,14.5161,1,53,13.1129,4,53,15.1132
La lluvia de fuego,sub-086.json,71,50,21,29.5775,1,53,10.5634,4,53,14.34
La lluvia de fuego,sub-087.json,60,50,10,16.6667,1,53,12.75,4,53,15.08
La lluvia de fuego,sub-088.json,109,68,41,37.6147,1,49,8.156,4,49,12.2941
La lluvia de fuego,sub-089.json,62,45,17,27.4194,1,53,11.7742,4,53,15.5778
La lluvia de fuego,sub-091.json,51,46,5,9.8039,1,49,13.7255,4,49,15.087
La lluvia de fuego,sub-094.json,76,58,18,23.6842,1,50,11.6053,4,50,14.7586
La lluvia de fuego,sub-095.json,87,58,29,33.3333,1,53,10.2414,4,53,14.7586
La lluvia de fuego,sub-096.json,48,45,3,6.25,1,53,15.375,5,53,16.2667
La lluvia de fuego,sub-097.json,73,55,18,24.6575,1,52,11.5205,4,52,14.8182
La lluvia de fuego,sub-098.json,50,46,4,8.0,1,53,15,5,53,16.1957
La lluvia de fuego,sub-101.json,62,49,13,20.9677,1,53,12.5968,4,53,15.5714
La lluvia de fuego,sub-103.json,68,52,16,23.5294,1,52,12.1324,4,52,15.4615
La lluvia de fuego,sub-107.json,58,48,10,17.2414,1,50,12.5517,4,50,14.8542
La lluvia de fuego,sub-109.json,56,51,5,8.9286,1,53,13.5714,4,53,14.7843
La lluvia de fuego,sub-111.json,94,65,29,30.8511,1,51,9.3511,4,51,12.8308
La lluvia de fuego,sub-112.json,66,52,14,21.2121,1,51,11.2576,4,51,13.9038
La máscara de la Muerte Roja,sub-003.json,35,35,0,0.0,4,46,18.4571,4,46,18.4571
La máscara de la Muerte Roja,sub-006.json,39,36,3,7.6923,1,46,17.5641,4,46,18.8333
La máscara de la Muerte Roja,sub-007.json,89,58,31,34.8315,1,41,10.2584,4,41,14.9655
La máscara de la Muerte Roja,sub-008.json,75,54,21,28.0,1,46,12.24,4,46,16.463
La máscara de la Muerte Roja,sub-009.json,37,35,2,5.4054,1,45,17.7297,4,45,18.6286
La máscara de la Muerte Roja,sub-011.json,64,45,19,29.6875,1,46,12.8906,4,46,17.6222
La máscara de la Muerte Roja,sub-017.json,40,37,3,7.5,1,46,17.575,4,46,18.8649
La máscara de la Muerte Roja,sub-018.json,39,37,2,5.1282,1,46,17.1026,4,46,17.9459
La máscara de la Muerte Roja,sub-021.json,42,35,7,16.6667,1,46,16.2381,4,46,19.2286
La máscara de la Muerte Roja,sub-027.json,69,54,15,21.7391,1,46,12.3623,4,46,15.3889
La máscara de la Muerte Roja,sub-030.json,67,43,24,35.8209,1,46,11.209,4,46,16.6512
La máscara de la Muerte Roja,sub-034.json,41,39,2,4.878,1,46,16.8293,4,46,17.641
La máscara de la Muerte Roja,sub-035.json,39,36,3,7.6923,1,46,17.1026,4,46,18.3889
La máscara de la Muerte Roja,sub-039.json,37,36,1,2.7027,1,46,18.4054,4,46,18.8889
La máscara de la Muerte Roja,sub-048.json,36,34,2,5.5556,2,46,18.25,4,46,19.1765
La máscara de la Muerte Roja,sub-052.json,49,41,8,16.3265,1,46,15.7755,5,46,18.4634
La máscara de la Muerte Roja,sub-053.json,47,40,7,14.8936,1,40,15.7447,4,40,18.15
La máscara de la Muerte Roja,sub-054.json,66,46,20,30.303,1,41,12.303,5,41,16.913
La máscara de la Muerte Roja,sub-055.json,49,38,11,22.449,1,46,14.3265,4,46,18
La máscara de la Muerte Roja,sub-056.json,46,35,11,23.913,1,41,14.9348,4,41,19.2286
La máscara de la Muerte Roja,sub-058.json,45,37,8,17.7778,1,46,15.4889,4,46,18.4054
La máscara de la Muerte Roja,sub-060.json,48,37,11,22.9167,1,46,14.8125,4,46,18.7027
La máscara de la Muerte Roja,sub-065.json,39,34,5,12.8205,1,46,16.9231,4,46,19.1176
La máscara de la Muerte Roja,sub-066.json,50,40,10,20.0,1,46,14.56,4,46,17.775
La máscara de la Muerte Roja,sub-068.json,39,33,6,15.3846,1,46,17.3077,4,46,20.1818
La máscara de la Muerte Roja,sub-070.json,58,45,13,22.4138,1,46,13.1552,4,46,16.4667
La máscara de la Muerte Roja,sub-071.json,56,38,18,32.1429,1,46,12.25,4,46,17.2895
La máscara de la Muerte Roja,sub-073.json,45,35,10,22.2222,1,46,15.2222,5,46,19.0286
La máscara de la Muerte Roja,sub-075.json,41,38,3,7.3171,1,46,16.8537,4,46,18.0789
La máscara de la Muerte Roja,sub-077.json,74,51,23,31.0811,1,46,10.7838,4,46,14.8431
La máscara de la Muerte Roja,sub-078.json,37,34,3,8.1081,1,46,17.7568,4,46,19.1176
La máscara de la Muerte Roja,sub-080.json,42,39,3,7.1429,1,46,16.4762,4,46,17.6667
La máscara de la Muerte Roja,sub-081.json,50,38,12,24.0,1,46,14.6,4,46,18.7368
La máscara de la Muerte Roja,sub-083.json,37,34,3,8.1081,2,46,18.3243,4,46,19.7059
La máscara de la Muerte Roja,sub-085.json,49,39,10,20.4082,1,46,15,4,46,18.4615
La máscara de la Muerte Roja,sub-086.json,45,37,8,17.7778,1,46,15.2889,4,46,18.2973
La máscara de la Muerte Roja,sub-087.json,48,38,10,20.8333,1,46,14.3125,4,46,17.7105
La máscara de la Muerte Roja,sub-090.json,50,41,9,18.0,1,46,14.36,4,46,17.1463
La máscara de la Muerte Roja,sub-091.json,37,32,5,13.5135,1,46,17.4865,4,46,19.8438
La máscara de la Muerte Roja,sub-095.json,48,39,9,18.75,1,46,14.6667,4,46,17.7692
La máscara de la Muerte Roja,sub-096.json,44,36,8,18.1818,1,46,15.6591,4,46,18.8333
La máscara de la Muerte Roja,sub-097.json,76,51,25,32.8947,1,46,12.0132,4,46,17.2157
La máscara de la Muerte Roja,sub-100.json,53,37,16,30.1887,1,46,13,4,46,18.0541
La máscara de la Muerte Roja,sub-103.json,46,41,5,10.8696,1,46,16,4,46,17.7805
La máscara de la Muerte Roja,sub-106.json,51,41,10,19.6078,1,41,14.549,4,41,17.7317
La máscara de la Muerte Roja,sub-109.json,41,36,5,12.1951,1,46,16.6585,4,46,18.7222
La máscara de la Muerte Roja,sub-112.json,44,36,8,18.1818,1,46,15.4091,4,46,18.4722
La noche de los feos,sub-003.json,87,54,33,37.931,1,33,8.069,4,33,11.8889
La noche de los feos,sub-007.json,87,57,30,34.4828,1,33,8.1839,4,33,11.5088
La noche de los feos,sub-008.json,115,66,49,42.6087,1,33,6.8435,4,33,10.7273
La noche de los feos,sub-009.json,91,55,36,39.5604,1,33,7.9341,4,33,12
La noche de los feos,sub-010.json,93,52,41,44.086,1,33,7.043,4,33,11.2885
La noche de los feos,sub-011.json,99,62,37,37.3737,1,34,7.8182,4,34,11.3871
La noche de los feos,sub-013.json,94,53,41,43.617,1,33,7.5638,4,33,12.0377
La noche de los feos,sub-017.json,81,57,24,29.6296,1,33,8.7284,4,33,11.5965
La noche de los feos,sub-018.json,87,55,32,36.7816,1,33,7.8161,4,33,11.3818
La noche de los feos,sub-021.json,87,59,28,32.1839,1,33,8.1839,4,33,11.2034
La noche de los feos,sub-022.json,84,54,30,35.7143,1,33,8.0833,4,33,11.6111
La noche de los feos,sub-027.json,82,63,19,23.1707,1,33,9,4,33,11.2063
La noche de los feos,sub-030.json,110,61,49,44.5455,1,33,6.8364,4,33,10.9344
La noche de los feos,sub-034.json,99,59,40,40.404,1,33,7.3939,4,33,11.2712
La noche de los feos,sub-035.json,89,56,33,37.0787,1,33,7.9101,4,33,11.5
La noche de los feos,sub-039.json,83,54,29,34.9398,1,33,8.3012,4,33,11.7407
La noche de los feos,sub-052.json,83,57,26,31.3253,1,33,8.5663,4,33,11.5789
La noche de los feos,sub-053.json,78,55,23,29.4872,1,33,8.7436,4,33,11.5818
La noche de los feos,sub-054.json,97,65,32,32.9897,1,33,7.9175,4,33,11
La noche de los feos,sub-055.json,76,51,25,32.8947,1,33,8.8289,4,33,12.1569
La noche de los feos,sub-056.json,96,59,37,38.5417,1,34,7.8438,4,34,11.6271
La noche de los feos,sub-058.json,94,59,35,37.234,1,33,7.4894,4,33,10.8475
La noche de los feos,sub-060.json,99,57,42,42.4242,1,33,7.4242,4,33,11.5789
La noche de los feos,sub-065.json,94,56,38,40.4255,1,33,7.4681,4,33,11.3393
La noche de los feos,sub-066.json,84,53,31,36.9048,1,33,8.0476,4,33,11.6415
La noche de los feos,sub-068.json,75,54,21,28.0,1,34,8.8133,4,34,11.4815
La noche de los feos,sub-070.json,87,58,29,33.3333,1,34,8.4138,4,34,11.6897
La noche de los feos,sub-071.json,96,58,38,39.5833,1,33,7.3958,4,33,11.0517
La noche de los feos,sub-073.json,113,52,61,53.9823,1,33,6.3097,4,33,11.7308
La noche de los feos,sub-075.json,97,59,38,39.1753,1,33,8.0619,4,33,12.1017
La noche de los feos,sub-077.json,101,51,50,49.505,1,32,6.8614,4,32,11.9804
La noche de los feos,sub-078.json,81,51,30,37.037,1,33,8.284,4,33,12.0392
La noche de los feos,sub-080.json,87,55,32,36.7816,1,33,8.2529,4,33,12.0364
La noche de los feos,sub-081.json,72,56,16,22.2222,1,33,9.3333,4,33,11.3929
La noche de los feos,sub-083.json,88,53,35,39.7727,1,33,7.8523,4,33,11.8302
La noche de los feos,sub-085.json,82,55,27,32.9268,1,33,8.2927,4,33,11.4364
La noche de los feos,sub-086.json,87,55,32,36.7816,1,33,7.8391,4,33,11.3818
La noche de los feos,sub-087.json,80,55,25,31.25,1,33,8.775,4,33,11.7636
La noche de los feos,sub-090.json,74,52,22,29.7297,1,33,8.5135,4,33,11.2885
La noche de los feos,sub-091.json,87,55,32,36.7816,1,33,7.908,4,33,11.5273
La noche de los feos,sub-095.json,131,68,63,48.0916,1,33,6.5038,4,33,11.1471
La noche de los feos,sub-096.json,74,57,17,22.973,1,33,9.3514,4,33,11.4912
La noche de los feos,sub-097.json,104,70,34,32.6923,1,33,7.3173,4,33,10.0429
La noche de los feos,sub-100.json,94,59,35,37.234,1,33,7.6915,4,33,11.2542
La noche de los feos,sub-103.json,119,60,59,49.5798,1,33,6.5126,4,33,11.2
La noche de los feos,sub-105.json,84,53,31,36.9048,1,33,8,4,33,11.6226
La noche de los feos,sub-109.json,65,50,15,23.0769,1,33,9.1077,4,33,11.16
La noche de los feos,sub-111.json,91,55,36,39.5604,1,33,7.7143,4,33,11.5455
La noche de los feos,sub-112.json,94,57,37,39.3617,1,33,7.6383,4,33,11.3333
La salud de los enfermos,sub-001.json,108,62,46,42.5926,1,54,10.8148,4,54,17.8871
La salud de los enfermos,sub-002.json,87,53,34,39.0805,1,51,10.931,4,51,17.1321
La salud de los enfermos,sub-003.json,39,32,7,17.9487,1,56,18.9487,6,56,22.8438
La salud de los enfermos,sub-006.json,32,31,1,3.125,1,56,22.9688,6,56,23.6774
La salud de los enfermos,sub-009.json,47,37,10,21.2766,1,53,16.6596,4,53,20.7568
La salud de los enfermos,sub-010.json,34,32,2,5.8824,1,54,21.1176,4,54,22.375
La salud de los enfermos,sub-012.json,41,35,6,14.6341,1,54,18.7317,4,54,21.7714
La salud de los enfermos,sub-013.json,35,31,4,11.4286,1,55,21.3143,6,55,23.9032
La salud de los enfermos,sub-016.json,53,40,13,24.5283,1,56,15.3208,4,56,19.875
La salud de los enfermos,sub-018.json,37,35,2,5.4054,1,51,20.4054,5,51,21.4857
La salud de los enfermos,sub-021.json,39,36,3,7.6923,1,55,20.5385,5,55,22.1389
La salud de los enfermos,sub-024.json,53,39,14,26.4151,1,55,16.2075,5,55,21.5897
La salud de los enfermos,sub-027.json,76,46,30,39.4737,1,54,12.6711,4,54,19.9783
La salud de los enfermos,sub-028.json,56,39,17,30.3571,1,54,13.8036,4,54,19.1795
La salud de los enfermos,sub-034.json,37,33,4,10.8108,1,56,21,5,56,23.3636
La salud de los enfermos,sub-036.json,71,50,21,29.5775,1,53,11.4085,4,53,15.68
La salud de los enfermos,sub-039.json,33,32,1,3.0303,1,56,22.6364,6,56,23.3125
La salud de los enfermos,sub-041.json,46,39,7,15.2174,1,56,17.7826,4,56,20.7179
La salud de los enfermos,sub-042.json,34,32,2,5.8824,1,54,21.7059,5,54,22.9375
La salud de los enfermos,sub-044.json,38,34,4,10.5263,1,55,20.1316,5,55,22.3529
La salud de los enfermos,sub-046.json,46,38,8,17.3913,1,55,17.3043,5,55,20.7105
La salud de los enfermos,sub-048.json,37,36,1,2.7027,3,56,21.1081,6,56,21.6111
La salud de los enfermos,sub-052.json,78,56,22,28.2051,1,55,13.3077,4,55,18.0179
La salud de los enfermos,sub-053.json,38,33,5,13.1579,1,54,20.4211,6,54,23.3636
La salud de los enfermos,sub-054.json,53,40,13,24.5283,1,52,15.9623,4,52,20.675
La salud de los enfermos,sub-058.json,88,48,40,45.4545,1,56,11.0682,4,56,19.3125
La salud de los enfermos,sub-060.json,58,40,18,31.0345,1,56,14.3103,4,56,20.175
La salud de los enfermos,sub-064.json,44,36,8,18.1818,1,55,18.0227,4,55,21.6111
La salud de los enfermos,sub-065.json,35,31,4,11.4286,1,55,21.4286,6,55,24.0323
La salud de los enfermos,sub-066.json,41,35,6,14.6341,1,56,18.6098,4,56,21.6
La salud de los enfermos,sub-067.json,74,46,28,37.8378,1,52,12.1216,4,52,18.6739
La salud de los enfermos,sub-068.json,48,41,7,14.5833,1,56,18.0417,4,56,20.878
La salud de los enfermos,sub-070.json,64,39,25,39.0625,1,56,12.5625,4,56,19.8718
La salud de los enfermos,sub-073.json,41,34,7,17.0732,1,54,17.9268,4,54,21.3824
La salud de los enfermos,sub-075.json,41,37,4,9.7561,1,56,19.6829,4,56,21.6757
La salud de los enfermos,sub-076.json,46,38,8,17.3913,1,56,17.5652,5,56,20.9737
La salud de los enfermos,sub-077.json,107,76,31,28.972,1,53,11.7757,4,53,16.1053
La salud de los enfermos,sub-078.json,49,38,11,22.449,1,55,15.9796,4,55,20.2368
La salud de los enfermos,sub-079.json,59,41,18,30.5085,1,54,13.5593,4,54,18.9268
La salud de los enfermos,sub-082.json,32,31,1,3.125,1,55,23.1562,4,55,23.871
La salud de los enfermos,sub-083.json,49,36,13,26.5306,1,55,15.7755,4,55,21.0556
La salud de los enfermos,sub-085.json,45,38,7,15.5556,1,56,17.6444,4,56,20.6842
La salud de los enfermos,sub-086.json,46,36,10,21.7391,1,55,16.8913,4,55,21.25
La salud de los enfermos,sub-089.json,37,34,3,8.1081,1,52,19.9459,4,52,21.6176
La salud de los enfermos,sub-094.json,45,33,12,26.6667,1,55,17.2444,6,55,23.1212
La salud de los enfermos,sub-095.json,69,43,26,37.6812,1,56,13.3333,4,56,20.5116
La salud de los enfermos,sub-096.json,31,31,0,0.0,5,56,24.2581,5,56,24.2581
La salud de los enfermos,sub-097.json,73,47,26,35.6164,1,55,12.1918,4,55,18.1915
La salud de los enfermos,sub-098.json,41,35,6,14.6341,1,56,19.0976,5,56,22.1714
La salud de los enfermos,sub-101.json,54,43,11,20.3704,1,56,16.8148,4,56,20.7442
La salud de los enfermos,sub-103.json,50,39,11,22.0,1,56,16.78,4,56,21.1538
La salud de los enfermos,sub-105.json,51,40,11,21.5686,1,55,15.6667,5,55,19.65
La salud de los enfermos,sub-107.json,88,54,34,38.6364,1,51,11.1705,4,51,17.2222
La salud de los enfermos,sub-109.json,39,35,4,10.2564,1,56,20.0769,5,56,22.2
La salud de los enfermos,sub-111.json,50,39,11,22.0,1,55,15.3,4,55,19.3077
La salud de los enfermos,sub-112.json,39,33,6,15.3846,1,56,18.8205,5,56,22
Las fotografías,sub-003.json,70,48,22,31.4286,1,65,11.3143,4,65,15.8958
Las fotografías,sub-006.json,67,48,19,28.3582,1,65,10.9104,4,65,14.6875
Las fotografías,sub-007.json,62,46,16,25.8065,1,65,12.2097,4,65,15.8696
Las fotografías,sub-008.json,72,53,19,26.3889,1,65,11.0833,4,65,14.5094
Las fotografías,sub-009.json,63,49,14,22.2222,1,65,11.9365,4,65,14.898
Las fotografías,sub-010.json,68,50,18,26.4706,1,65,10.8971,4,65,14.22
Las fotografías,sub-011.json,77,49,28,36.3636,1,65,10.7143,5,65,16
Las fotografías,sub-013.json,86,63,23,26.7442,1,65,10.9419,4,65,14.3968
Las fotografías,sub-017.json,63,48,15,23.8095,1,65,12.3016,4,65,15.6458
Las fotografías,sub-018.json,61,49,12,19.6721,1,65,12.5738,4,65,15.2245
Las fotografías,sub-022.json,76,48,28,36.8421,1,60,9.7237,4,60,14.5417
Las fotografías,sub-027.json,95,73,22,23.1579,1,59,11.0316,4,59,13.9863
Las fotografías,sub-030.json,96,63,33,34.375,1,65,9.1354,4,65,13.1587
Las fotografías,sub-034.json,68,51,17,25.0,1,65,12.1176,4,65,15.5882
Las fotografías,sub-035.json,62,48,14,22.5806,1,65,12.4839,4,65,15.7292
Las fotografías,sub-036.json,96,63,33,34.375,1,65,9.1042,4,65,13.1905
Las fotografías,sub-039.json,60,45,15,25.0,1,65,12.4667,4,65,16.0667
Las fotografías,sub-048.json,62,49,13,20.9677,1,56,12.9194,4,56,15.898
Las fotografías,sub-052.json,62,44,18,29.0323,1,65,12.1452,5,65,16.4773
Las fotografías,sub-053.json,67,49,18,26.8657,1,65,11.4925,4,65,15.2245
Las fotografías,sub-055.json,65,49,16,24.6154,1,55,11.7846,4,55,15.0816
Las fotografías,sub-056.json,72,55,17,23.6111,1,65,11.875,4,65,15.0545
Las fotografías,sub-058.json,88,51,37,42.0455,1,65,9.3182,4,65,15.0588
Las fotografías,sub-060.json,73,53,20,27.3973,1,65,10.6986,4,65,14.1321
Las fotografías,sub-065.json,62,47,15,24.1935,1,65,12.2258,4,65,15.5319
Las fotografías,sub-066.json,74,51,23,31.0811,1,65,10.9459,4,65,15.1961
Las fotografías,sub-068.json,57,46,11,19.2982,1,65,12.7719,4,65,15.5217
Las fotografías,sub-070.json,71,52,19,26.7606,1,65,11.831,4,65,15.5192
Las fotografías,sub-071.json,85,51,34,40.0,1,65,9.2588,4,65,14.4902
Las fotografías,sub-073.json,72,53,19,26.3889,1,64,11.0139,4,64,14.3396
Las fotografías,sub-077.json,128,79,49,38.2812,1,63,7.9297,4,63,11.9873
Las fotografías,sub-078.json,56,45,11,19.6429,1,65,13.0893,4,65,15.9556
Las fotografías,sub-080.json,61,44,17,27.8689,1,65,11.918,4,65,15.9318
Las fotografías,sub-081.json,55,46,9,16.3636,1,65,13.5818,4,65,15.9348
Las fotografías,sub-083.json,62,53,9,14.5161,1,65,13.1613,4,65,15.1132
Las fotografías,sub-085.json,69,53,16,23.1884,1,65,11.3623,4,65,14.2264
Las fotografías,sub-086.json,55,48,7,12.7273,1,65,13.4727,4,65,15.1667
Las fotografías,sub-087.json,75,53,22,29.3333,1,65,10.3067,4,65,13.9811
Las fotografías,sub-090.json,51,45,6,11.7647,1,65,13.8431,4,65,15.4222
Las fotografías,sub-091.json,60,45,15,25.0,1,65,12.2,4,65,15.7333
Las fotografías,sub-096.json,53,46,7,13.2075,1,65,14.2453,5,65,16.1304
Las fotografías,sub-097.json,118,73,45,38.1356,1,64,8.8475,4,64,13.3973
Las fotografías,sub-100.json,63,46,17,26.9841,1,65,12.0952,5,65,15.8696
Las fotografías,sub-103.json,59,46,13,22.0339,1,65,12.9322,4,65,16.087
Las fotografías,sub-109.json,48,43,5,10.4167,1,65,14.9375,4,65,16.4186
Las fotografías,sub-112.json,65,49,16,24.6154,1,64,11.5846,4,64,14.8571
Rubí y el lago danzante,sub-002.json,83,57,26,31.3253,1,50,10.7108,4,50,15
Rubí y el lago danzante,sub-003.json,51,45,6,11.7647,1,50,14.3922,4,50,16.1111
Rubí y el lago danzante,sub-005.json,77,47,30,38.961,1,49,10.0519,4,49,15.4468
Rubí y el lago danzante,sub-006.json,59,48,11,18.6441,1,48,13.4407,4,48,16.1042
Rubí y el lago danzante,sub-010.json,46,42,4,8.6957,1,50,15.4348,5,50,16.7857
Rubí y el lago danzante,sub-012.json,70,47,23,32.8571,1,50,10.9,4,50,15.5745
Rubí y el lago danzante,sub-013.json,62,47,15,24.1935,1,49,12.8871,4,49,16.5106
Rubí y el lago danzante,sub-018.json,50,44,6,12.0,1,49,14.86,5,49,16.5909
Rubí y el lago danzante,sub-021.json,55,45,10,18.1818,1,49,14.0182,4,49,16.7111
Rubí y el lago danzante,sub-024.json,52,43,9,17.3077,1,50,14.5962,6,50,17.2093
Rubí y el lago danzante,sub-028.json,93,47,46,49.4624,1,39,8.1828,4,39,14.8936
Rubí y el lago danzante,sub-034.json,64,49,15,23.4375,1,50,12.5469,4,50,15.9592
Rubí y el lago danzante,sub-036.json,73,50,23,31.5068,1,38,10.2192,4,38,14.28
Rubí y el lago danzante,sub-039.json,53,45,8,15.0943,1,50,14.1698,4,50,16.3778
Rubí y el lago danzante,sub-041.json,47,43,4,8.5106,1,49,15.5106,5,49,16.7674
Rubí y el lago danzante,sub-042.json,64,47,17,26.5625,1,49,11.9844,4,49,15.7872
Rubí y el lago danzante,sub-044.json,55,42,13,23.6364,1,49,13.3455,5,49,17.0238
Rubí y el lago danzante,sub-048.json,59,43,16,27.1186,1,50,11.8305,4,50,15.6512
Rubí y el lago danzante,sub-052.json,76,51,25,32.8947,1,50,11.3816,4,50,16.2353
Rubí y el lago danzante,sub-053.json,52,43,9,17.3077,1,50,14.5,4,50,17.2558
Rubí y el lago danzante,sub-054.json,79,46,33,41.7722,1,35,9.7342,5,35,15.7826
Rubí y el lago danzante,sub-058.json,59,47,12,20.339,1,50,13.1695,4,50,16.0851
Rubí y el lago danzante,sub-060.json,53,44,9,16.9811,1,50,14.0755,5,50,16.6364
Rubí y el lago danzante,sub-064.json,69,52,17,24.6377,1,50,12.4783,5,50,16.0192
Rubí y el lago danzante,sub-065.json,51,44,7,13.7255,1,50,15.2157,5,50,17.3409
Rubí y el lago danzante,sub-066.json,53,42,11,20.7547,1,50,13.8679,5,50,17.1429
Rubí y el lago danzante,sub-068.json,55,44,11,20.0,1,50,13.6,4,50,16.5
Rubí y el lago danzante,sub-070.json,118,59,59,50.0,1,50,7.3475,4,50,13.4576
Rubí y el lago danzante,sub-073.json,49,41,8,16.3265,1,50,14.6327,4,50,17.0976
Rubí y el lago danzante,sub-075.json,54,45,9,16.6667,1,50,14.1296,5,50,16.5778
Rubí y el lago danzante,sub-077.json,124,86,38,30.6452,1,49,9.7177,4,49,13.2674
Rubí y el lago danzante,sub-078.json,58,46,12,20.6897,1,44,13.069,4,44,16.0435
Rubí y el lago danzante,sub-079.json,63,49,14,22.2222,1,50,11.6984,4,50,14.6531
Rubí y el lago danzante,sub-082.json,51,43,8,15.6863,1,50,14.8627,5,50,17.3023
Rubí y el lago danzante,sub-083.json,52,43,9,17.3077,1,50,14.1731,5,50,16.814
Rubí y el lago danzante,sub-085.json,59,47,12,20.339,1,50,12.8475,4,50,15.766
Rubí y el lago danzante,sub-086.json,61,45,16,26.2295,1,49,12.4426,4,49,16.3556
Rubí y el lago danzante,sub-087.json,63,48,15,23.8095,1,50,12.2381,4,50,15.5833
Rubí y el lago danzante,sub-088.json,123,64,59,47.9675,1,48,7.8943,4,48,13.7812
Rubí y el lago danzante,sub-089.json,52,44,8,15.3846,1,50,14.0577,4,50,16.2955
Rubí y el lago danzante,sub-091.json,74,50,24,32.4324,1,48,11.1486,4,48,15.74
Rubí y el lago danzante,sub-093.json,75,52,23,30.6667,1,42,10.4,4,42,14.3654
Rubí y el lago danzante,sub-094.json,65,51,14,21.5385,1,50,13.1692,4,50,16.2941
Rubí y el lago danzante,sub-095.json,78,54,24,30.7692,1,50,10.9615,4,50,15.2037
Rubí y el lago danzante,sub-097.json,70,51,19,27.1429,1,50,11.4714,4,50,15.1569
Rubí y el lago danzante,sub-098.json,55,44,11,20.0,1,50,13.7636,4,50,16.8636
Rubí y el lago danzante,sub-101.json,72,53,19,26.3889,1,50,11.7639,4,50,15.3585
Rubí y el lago danzante,sub-103.json,60,47,13,21.6667,1,50,12.8333,4,50,15.9787
Rubí y el lago danzante,sub-105.json,64,49,15,23.4375,1,44,12.3438,5,44,15.6122
Rubí y el lago danzante,sub-107.json,61,44,17,27.8689,1,49,12.082,4,49,16.0682
Rubí y el lago danzante,sub-109.json,55,45,10,18.1818,1,50,13.6182,4,50,16.3111
Rubí y el lago danzante,sub-111.json,69,52,17,24.6377,1,50,11.8406,4,50,15.2308
Rubí y el lago danzante,sub-112.json,49,42,7,14.2857,1,50,14.6939,4,50,16.8095
Una rosa para Emilia,sub-001.json,60,43,17,28.3333,1,60,13.75,5,60,18.4419
Una rosa para Emilia,sub-002.json,87,57,30,34.4828,1,54,11.1034,4,54,16.0877
Una rosa para Emilia,sub-003.json,47,39,8,17.0213,1,60,15.8723,4,60,18.7949
Una rosa para Emilia,sub-005.json,91,47,44,48.3516,1,59,8.5824,4,59,15.3404
Una rosa para Emilia,sub-006.json,48,39,9,18.75,1,60,15.0833,4,60,18.1538
Una rosa para Emilia,sub-009.json,57,47,10,17.5439,1,61,14.4561,4,61,17.2553
Una rosa para Emilia,sub-010.json,41,36,5,12.1951,1,60,17.122,5,60,19.1944
Una rosa para Emilia,sub-013.json,83,53,30,36.1446,1,54,10.6867,4,54,15.9245
Una rosa para Emilia,sub-016.json,74,47,27,36.4865,1,61,12.027,4,61,18.2766
Una rosa para Emilia,sub-018.json,79,58,21,26.5823,1,59,12.4051,4,59,16.3103
Una rosa para Emilia,sub-021.json,48,40,8,16.6667,1,60,15.75,4,60,18.575
Una rosa para Emilia,sub-024.json,59,45,14,23.7288,1,59,13.5424,4,59,17.1778
Una rosa para Emilia,sub-027.json,71,54,17,23.9437,1,59,14.1268,4,59,18.1296
Una rosa para Emilia,sub-028.json,89,49,40,44.9438,1,60,9.2809,4,60,15.6939
Una rosa para Emilia,sub-034.json,63,51,12,19.0476,1,61,13.6032,4,61,16.451
Una rosa para Emilia,sub-036.json,93,48,45,48.3871,1,61,8.4194,4,61,14.9375
Una rosa para Emilia,sub-039.json,59,40,19,32.2034,1,54,12.8305,4,54,18.225
Una rosa para Emilia,sub-041.json,47,41,6,12.766,1,60,15.766,4,60,17.8293
Una rosa para Emilia,sub-042.json,47,39,8,17.0213,1,61,16,5,61,18.9231
Una rosa para Emilia,sub-044.json,49,38,11,22.449,1,61,14.898,4,61,18.7895
Una rosa para Emilia,sub-046.json,71,45,26,36.6197,1,60,12.0845,4,60,18.2222
Una rosa para Emilia,sub-048.json,55,46,9,16.3636,1,61,15.2545,5,61,17.8913
Una rosa para Emilia,sub-052.json,109,57,52,47.7064,1,61,8.8532,4,61,15.6491
Una rosa para Emilia,sub-053.json,47,41,6,12.766,1,61,16.2553,4,61,18.3659
Una rosa para Emilia,sub-054.json,47,41,6,12.766,1,61,16.2128,4,61,18.3659
Una rosa para Emilia,sub-058.json,68,50,18,26.4706,1,60,12.8235,4,60,16.92
Una rosa para Emilia,sub-060.json,65,45,20,30.7692,1,60,12.3385,4,60,17.1556
Una rosa para Emilia,sub-064.json,71,51,20,28.169,1,60,12.2676,4,60,16.4118
Una rosa para Emilia,sub-065.json,50,43,7,14.0,1,61,15.72,4,61,18
Una rosa para Emilia,sub-066.json,68,44,24,35.2941,1,60,12.5294,4,60,18.6136
Una rosa para Emilia,sub-068.json,51,45,6,11.7647,1,60,15.8039,4,60,17.6667
Una rosa para Emilia,sub-070.json,66,42,24,36.3636,1,60,11.7727,4,60,17.6905
Una rosa para Emilia,sub-073.json,45,41,4,8.8889,1,60,17.3556,4,60,18.9024
Una rosa para Emilia,sub-075.json,61,52,9,14.7541,1,61,14.541,4,61,16.7885
Una rosa para Emilia,sub-076.json,80,55,25,31.25,1,61,12.1125,4,61,17.0545
Una rosa para Emilia,sub-077.json,101,55,46,45.5446,1,58,9.297,4,58,15.9818
Una rosa para Emilia,sub-078.json,52,38,14,26.9231,1,61,14.3269,4,61,19.1579
Una rosa para Emilia,sub-079.json,57,43,14,24.5614,1,52,13.4211,4,52,17.2558
Una rosa para Emilia,sub-082.json,55,38,17,30.9091,1,61,13.4364,5,61,18.9211
Una rosa para Emilia,sub-083.json,73,49,24,32.8767,1,60,11.6301,4,60,16.4898
Una rosa para Emilia,sub-085.json,66,53,13,19.697,1,58,13.9848,4,58,17.0566
Una rosa para Emilia,sub-086.json,61,43,18,29.5082,1,60,12.377,4,60,16.907
Una rosa para Emilia,sub-087.json,66,46,20,30.303,1,60,12.5455,4,60,17.4348
Una rosa para Emilia,sub-088.json,110,55,55,50.0,1,56,7.9273,4,56,14.4364
Una rosa para Emilia,sub-089.json,57,41,16,28.0702,1,61,13,4,61,17.5854
Una rosa para Emilia,sub-094.json,70,49,21,30.0,1,54,12.1714,4,54,16.8163
Una rosa para Emilia,sub-095.json,79,46,33,41.7722,1,61,10.8608,4,61,17.6522
Una rosa para Emilia,sub-096.json,65,43,22,33.8462,1,60,11.6462,4,60,16.8605
Una rosa para Emilia,sub-097.json,54,42,12,22.2222,1,55,14.2778,4,55,17.9524
Una rosa para Emilia,sub-098.json,51,42,9,17.6471,1,61,15.7647,5,61,18.7619
Una rosa para Emilia,sub-103.json,62,42,20,32.2581,1,60,12.7419,4,60,18.2143
Una rosa para Emilia,sub-107.json,55,40,15,27.2727,1,60,13.6909,5,60,18.2
Una rosa para Emilia,sub-109.json,45,41,4,8.8889,1,60,16.5111,4,60,17.9024
Una rosa para Emilia,sub-111.json,84,54,30,35.7143,1,61,10.4524,4,61,15.4444
Una rosa para Emilia,sub-112.json,51,39,12,23.5294,1,61,14.3725,4,61,18.359
Wakefield,sub-001.json,91,58,33,36.2637,1,41,9.2857,4,41,13.7414
Wakefield,sub-002.json,185,119,66,35.6757,1,39,8.1784,4,39,12
Wakefield,sub-003.json,61,56,5,8.1967,1,41,13.3115,4,41,14.3214
Wakefield,sub-005.json,89,55,34,38.2022,1,41,8.8315,4,41,13.2727
Wakefield,sub-006.json,76,57,19,25.0,1,41,10.6053,4,41,13.5965
Wakefield,sub-010.json,58,53,5,8.6207,2,41,13.3276,4,41,14.3208
Wakefield,sub-012.json,72,55,17,23.6111,1,41,11.1528,4,41,14
Wakefield,sub-013.json,73,61,12,16.4384,1,41,11.3836,4,41,13.3115
Wakefield,sub-016.json,76,58,18,23.6842,1,41,11.3816,5,41,14.5172
Wakefield,sub-018.json,69,57,12,17.3913,1,41,11.5072,4,41,13.4912
Wakefield,sub-021.json,66,60,6,9.0909,1,41,12.9697,4,41,14.0667
Wakefield,sub-024.json,75,61,14,18.6667,1,41,11.2267,4,41,13.5082
Wakefield,sub-027.json,91,63,28,30.7692,1,41,10.044,4,41,13.7302
Wakefield,sub-028.json,109,64,45,41.2844,1,40,7.2569,4,40,11.3281
Wakefield,sub-034.json,72,59,13,18.0556,1,34,11.5417,4,34,13.7627
Wakefield,sub-036.json,98,71,27,27.551,1,41,9.3265,4,41,12.3944
Wakefield,sub-039.json,66,56,10,15.1515,1,41,12.3485,4,41,14.1964
Wakefield,sub-041.json,62,57,5,8.0645,1,41,13.0645,4,41,14.0526
Wakefield,sub-042.json,68,57,11,16.1765,1,41,12.1618,4,41,14.1404
Wakefield,sub-044.json,63,56,7,11.1111,1,41,12.9365,4,41,14.3214
Wakefield,sub-048.json,72,61,11,15.2778,1,41,11.9028,4,41,13.6721
Wakefield,sub-052.json,112,66,46,41.0714,1,41,8.8214,4,41,13.9091
Wakefield,sub-053.json,64,55,9,14.0625,1,41,12.7656,4,41,14.6
Wakefield,sub-054.json,91,73,18,19.7802,1,41,10.5934,4,41,12.863
Wakefield,sub-058.json,80,66,14,17.5,1,41,11.15,4,41,13.1515
Wakefield,sub-060.json,85,61,24,28.2353,1,41,9.9765,4,41,13.2787
Wakefield,sub-064.json,82,66,16,19.5122,1,41,10.6463,4,41,12.8788
Wakefield,sub-065.json,67,55,12,17.9104,1,41,11.8955,4,41,14.2
Wakefield,sub-066.json,58,55,3,5.1724,1,41,13.6207,4,41,14.2364
Wakefield,sub-068.json,70,58,12,17.1429,1,41,11.5143,4,41,13.6034
Wakefield,sub-070.json,102,67,35,34.3137,1,41,9.0588,4,41,13.0746
Wakefield,sub-075.json,73,66,7,9.589,1,41,12.3562,4,41,13.4848
Wakefield,sub-078.json,70,55,15,21.4286,1,41,11.6286,5,41,14.2909
Wakefield,sub-079.json,76,59,17,22.3684,1,41,10.5921,4,41,13.2373
Wakefield,sub-082.json,68,54,14,20.5882,1,41,11.9265,4,41,14.5926
Wakefield,sub-083.json,77,59,18,23.3766,1,41,10.6623,4,41,13.4746
Wakefield,sub-085.json,78,63,15,19.2308,1,41,10.6795,4,41,12.9048
Wakefield,sub-086.json,81,61,20,24.6914,1,41,10.358,4,41,13.1967
Wakefield,sub-087.json,96,68,28,29.1667,1,41,9.5938,4,41,12.9853
Wakefield,sub-088.json,107,64,43,40.1869,1,28,8.2991,4,28,12.9688
Wakefield,sub-089.json,63,52,11,17.4603,1,41,12.4444,4,41,14.5962
Wakefield,sub-091.json,67,59,8,11.9403,1,41,12.0448,4,41,13.3898
Wakefield,sub-094.json,75,59,16,21.3333,1,41,11.4267,4,41,14.1525
Wakefield,sub-095.json,93,68,25,26.8817,1,41,10.4086,4,41,13.7206
Wakefield,sub-097.json,84,65,19,22.619,1,41,10.7381,4,41,13.4
Wakefield,sub-098.json,75,62,13,17.3333,1,41,11.3867,4,41,13.4839
Wakefield,sub-101.json,81,65,16,19.7531,1,41,11.1235,4,41,13.5231
Wakefield,sub-103.json,80,63,17,21.25,1,41,11.1625,4,41,13.7937
Wakefield,sub-107.json,145,74,71,48.9655,1,41,6.8138,4,41,12.027
Wakefield,sub-109.json,72,57,15,20.8333,1,41,11.4444,4,41,14.0351
Wakefield,sub-111.json,87,55,32,36.7816,1,40,9.4368,4,40,13.9636
Wakefield,sub-112.json,70,57,13,18.5714,1,41,11.4,4,41,13.5789
